№,Материал,марка стали,длина,вес,,общ.вес,
1,круг ф 5 ст 45,,,,,0,
,штифт на корпус датчика взрывозашиты,ст 45,35,"0,0054",,0,
,шпилька МЭО 40-100-250 ДАУ,ст 45,42,"0,0065",,0,
,палец на тормоз 4000,ст 45,48,"0,007",,0,
,ось на литформу,ст 45,50,"0,008",,0,
,,,,,,0,
2,круг ф 6 ст 45,,,,,0,
,стержень на ключь,ст 45,15,"0,0033",,0,
,штифт 16\40 ф 6х16,ст 45,19,"0,0042",,0,
,штифт 16\40 ф 6х25,ст 45,25,"0,006",500,3,
,ось на рычаг МЭМ 100,ст 45,25,"0,006",650,"3,9",
,втулка на датчик ,ст 45,32,"0,007",,0,
,штифт 16\40 ф 6х32,ст 46,35,"0,008",,0,
,"ось МЭО 16\40 63-0,25",ст 45,36,"0,008",,0,
,ось на датчик,ст 45,40,"0,0088",,0,
,ось Мэп 630,ст 45,40,"0,0088",,0,
,ось на литформу,ст 45,50,"0,011",,0,
,шпилька м6 на блок конден-ый 250,ст 45,126,"0,028",,0,
,тяги МСП РМиРБ,ст 45,300,"0,067",,0,
,штифты для ших,ст 45,1000,"0,222",,0,
,,,,,,0,
3,круг ф 8 ст 45 ,,,,,0,
,ось на рычаг МЭП 100,ст 45,15,"0,01",,0,
,упор БКВ МЭОФ-15,ст 45,16,"0,006",,0,
,фиксатор на шлагбаум,ст 45,20,"0,008",,0,
,"штифт на фленц МЭО 6,3",ст 45,20,"0,008",,0,
,винт м 3 на сухарик датчика,ст 45,22,"0,009",,0,
,вал 3 МЭМ 100,ст 45,23,"0,009",,0,
,штифт на фланец МЭОФ 250,ст 45,25,"0,015",,0,
,ось МЭМ 100,ст 45,25,"0,01",,0,
,ось предельного момента,ст 45,30,"0,02",,0,
,штифт на МЭО 250,ст 45,35,"0,014",,0,
,ввертыш,ст 45,35,"0,014",,0,
,осъ на датчик,ст 45,40,"0,016",,0,
,шпилька на МЭО 4000,ст 45,42,"0,017",,0,
,ось МСП-1М-05,ст 45,52,"0,021",,0,
,штифт на корпус МЭО 250,ст 45,70,"0,04",,0,
,шпилька БСП,ст 45,85,"0,034",,0,
,стойка ПБР,ст 45,100,"0,04",,0,
,на штурвал ПЭМ Б,ст 45,125,"0,055",150,"8,25",
,на штурвал ПЭМ В,ст 45,177,"0,087",150,"13,05",
,ручка на литейку,ст 45,1000,"0,395",,0,
,ших,ст 45,1000,"0,395",,0,
,толкатель для пруткового ЧПУ,ст 45,2000,"0,8",,0,
,,,,,,0,
4,круг ф 8 ст 3,,,,,0,
,шарнир на корпус БЭЗ,ст 3,75,"0,03",,0,
,,,,,,0,
5,круг ф 10 ст 45 калибровка,,,,,0,
,упор БКВ,ст 45,18,"0,011",,0,
,винт на кондуктор,ст 45,20,"0,012",,0,
,"штифт на фланец МЭО 16/40, 250",ст 45,25,"0,015",,0,
,вал МЭМ 100,ст 45,28,"0,017",,0,
,штифт МЭО 250,ст 45,30,"0,02",,0,
,ось муфты предельного момента,ст 45,30,"0,019",,0,
,винт регул. МЭОФ 4000,ст 45,32,"0,02",,0,
,штифт на фланец 250,ст 45,35,"0,024",,0,
,штифт  на плиту 4000,ст 45,35,"0,022",,0,
,ось МЭМ 100,ст 45,36,"0,02",,0,
,штифт на фланец СОЮЗ 01,ст 45,40,"0,025",,0,
,стойка МЭП 18000,ст 45,43,"0,04",,0,
,ось сателит МЭМ 100,ст 45,56,"0,034",,0,
,штифт на МЭО 630,ст 45,65,"0,04",,0,
,ось/стойка на шлагбаум,ст 45,105,"0,06",,0,
,ось/стойка на шлагбаум,ст 45,107,"0,061",,0,
,ось на тормоз МЭО 4000,ст 45,180,"0,111",,0,
,болт на брикетирочную машину/строителям,ст 45,200,"0,12",,0,
,анкерный болт на шлагбаум,ст 45,350,"0,2",,0,
,ручки на изложницу,ст 45,450,"0,3",,0,
,,,,,,0,
6,круг ф 12 ст 3,,,,,0,
,втулка короткая ПЭМ -А,ст 3,13,"0,0125",,0,
,втулка средняя  ПЭМ -А,ст 3,14,"0,013",,0,
,втулка длинная  ПЭМ -А,ст 3,18,"0,016",,0,
,втулка токового сердечника,ст 3,32,"0,03",,0,
,вал ручки ДСО 9 МЭО 630,ст 3,85,"0,075",,0,
,вал ручки ДСО8 МЭО 250,ст 3,93,"0,08",420,"33,6",
,в термичку,ст 3,1000,"0,9",,0,
,,,,,,0,
7,круг ф 12 ст 40х,,,,,0,
,втулка на 3 вал МЭОФ 15,ст 40х,10,"0,009",,0,
,втулка на ПЭМ А 3мм,ст 40х,10,"0,009",,0,
,втулка на ПЭМ А 5мм,ст 40х,12,"0,0095",,0,
,втулка на ПЭМ А 8мм,ст 40х,15,"0,01",,0,
,шестерня на датчик ПЭМВ,ст 40х,15,"0,01",,0,
,шестерня на датчик МЭМ 100,ст 40х,18,"0,016",,0,
,заземление механика ,ст 40х,18,16,,0,
,червяк МЭОФ 15,ст 40х,23,"0,02",,0,
,шестерня МЭМ40,ст 40х,25,"0,25",,0,
,штифт мэп 18000,ст 40х,26,"0,023",,0,
,упор,ст 40х,30,"0,27",,0,
,валик на ручник 250,ст 40х,35,"0,026",,0,
,винт МЭМ 100,ст 40х,35,"0,031",,0,
,штифт на венец 630,ст 40х,38,"0,034",,0,
,электромагнитный тормоз 4000,ст 40х,40,"0,035",,0,
,вал шестерня ПЭМ БО,ст 40х,40,"0,036",,0,
,ось планетарки 630 ВЗИС 715.611.001,ст 40х,42,"0,04",,0,
,штырь МЭМ 100,ст 40х,46,"0,04",,0,
,штифт на МЭО 630,ст 40х,50,"0,044",,0,
,ось планетарки 630 ВЗИС усиленный,ст 40х,50,"0,044",,0,
,шпилька на МЭО 1600; 630,ст 40х,68,"0,06",,0,
,вал шестерня ДСР 70,ст 40х,70,"0,062",,0,
,вал на ротор МЭОФ 15,ст 40х,70,"0,062",,0,
,шпилька М12 МЭО 630,ст 40х,73,"0,065",,0,
,вал ручки ДСО9 МЭО 250,ст 40х,80,"0,07",,0,
,вал ручки ДСО- ДСО9 МЭО 630,ст 40х,85,"0,075",,0,
,штифт на МЭО 1600,ст 40х,85,"0,075",,0,
,вал шестерня МЭОФ 15,ст 40х,85,"0,075",,0,
,шпилька МЭМ 100,ст 40х,90,"0,18",,0,
,вал ручки ДСО8 МЭО 630,ст 40х,93,"0,084",,0,
,вал МЭМ 100,ст 40х,100,"0,11",,0,
,анкерный болт на шлагбаум,ст 40х,360,"0,32",,0,
,кольцо дистанционное МЭМ 100,ст 40х,900,1,,0,
,приспособление,ст 40х,1000,"1,1",,0,
,,,,,,0,
8,круг ф 12 калибровка,,,,,0,
,втулка на МЭМ 100,ст 45,12,"0,01",,0,
,штифт на венец 630,ст 45,35,"0,03",,0,
,штифт на колесо червяч 16/40,ст 45,35,"0,031",,0,
,валик на ручник МЭО 250,ст 45,35,"0,03",,0,
,штифт на колесо червяч 250,ст 45,40,"0,036",,0,
,штифт на фланец 630,ст 45,48,"0,04",,0,
,шестеренка МЭО 1600,ст 46,68,"0,075",,0,
,палец на тягу 250,ст 45,70,"0,062",,0,
,штифт на корпус 1600,ст 45,75,"0,07",,0,
,"штифт на ст СНТ 3,0с",ст 45,90,"0,08",,0,
,вал ручки ДСО-8,ст 45,95,"0,084",,0,
,,,,,,0,
,круг ф 12ст 10880,ст 10880,,,,0,
,втулка индуктивного датчика,ст 10880,40,"0,037",,0,
,,,,,,0,
,,,,,,0,
9,круг ф 14 ст 40х,,,,,0,
,кольцо дистанционное на прям МЭМ 100,ст 40х,12,"0,015",,0,
,шестерня МЭП 25000,ст 40х,17,"0,02",,0,
,шпонка МЭП 6300,ст 40х,18,"0,022",,0,
,втулка МЭМ100 на рычаг,ст 40х,20,"0,024",,0,
,вал-шестерня датчика ПЭМ В,ст 40х,30,"0,039",,0,
,"вал шестерня МЭО 6,3/63 сек",ст 40х,32,"0,04",120,"4,8",
,винт МЭМ 100,ст 40х,36,"0,04",,0,
,вал шестерня МЭП 18000/ штифт 630,ст 40х,40,"0,048",,0,
,штырь МЭМ 100,ст 40х,46,"0,06",,0,
,шпилька на литформу вал 4 МЭОФ 15,ст 40х,48,"0,058",,0,
,ось планетарки 1600,ст 40х,51,"0,062",,0,
,вал датчика Домик/ штифт,ст 40х,60,"0,08",,0,
,шпилька м10 МЭО 250,ст 40х,80,"0,1",,0,
,шпилька м10 на фланец 250 СОЮЗа,ст 40х,85,"0,1",210,21,
,вал шестерня МСП-1.44.04,ст 40х,110,"0,133",,0,
,вал МЭМ 100,ст 40х,112,"0,14",,0,
,вал-шестерня 3 МЭОФ 15,ст 40х,121,"0,15",,0,
,вал соеденительный МЭМ 100,ст 40х,123,"0,15",,0,
,стойка,ст 40х,160,"0,2",,0,
,Вал связующий ПЭМ Б II,ст 40х,170,"0,2",,0,
,на ангар,ст 40х,5100,"6,2",,0,
,,,,,,0,
10,круг ф 14 калибр,,,,,0,
,штифт на венец 1600,ст 40х,53,"0,064",,0,
,штифт на фланец 1600,ст 40х,60,"0,095",,0,
,,,,,,0,
11,круг ф 14     латунь,,,,,0,
,втулка МЭП 6300,латунь,13,"0,016",,0,
,втулка на МЭП 25000,латунь,14,"0,017",,0,
,втулка на датчик ,латунь,15,"0,015",,0,
,втулка на крышку датчика ,латунь,18,"0,022",,0,
,втулка на МЭМ 100,латунь,20,"0,02",,0,
,втулка МЭО 40 8НПП.210.025 на двойн.блок,латунь,24,"0,033",,0,
,втулка МЭП 18000,латунь,26,"0,04",,0,
,гайка на самолет,латунь,200,"0,2",,0,
,,,,,,0,
12,круг ф 16     латунь,,,,,0,
,кольцо на мэоф 15,латунь,8,"0,012",,0,
,втулка на основание нижнее,латунь,10,"0,015",,0,
,втулка на новый датчик основание взрыв,латунь,15,"0,024",,0,
,втулка МЭП 630,латунь,15,"0,024",,0,
,втулка на крышку корпус взрывозащ,латунь,23,"0,04",,0,
,втулка на корпус МЭП 25000,латунь,25,"0,04",,0,
,втулка Д,латунь,28,"0,042",,0,
,втулка на основание МЭМ 100,латунь,40,"0,06",,0,
,,,,,,0,
13,круг ф 16 ст 40х,,,,,0,
,втулка на планетарку 630,ст 40х,10,"0,016",,0,
,втулка на тормоз 630,ст 40х,11,"0,017",,0,
,прижим на новый датчик,ст 40х,12,"0,019",,0,
,втулка на датчик ,ст 40х,14,"0,02",,0,
,шайба сферическая на шлагаум,ст 40х,14,"0,022",,0,
,кольцо на МСП РБ,ст 40х,15,"0,024",,0,
,шестерня на ПЭМБ,ст 40х,15,"0,024",,0,
,пирожок МЭОФ 15,ст 40х,15,"0,024",,0,
,шестерня на датчик взрывозащ,ст 40х,17,"0,03",,0,
,втулка на тормоз 4000,ст 40х,20,"0,03",,0,
,втулка МСП РБ,ст 40х,25,"0,04",,0,
,направляющая взрыв МЭО 250,ст 40х,25,"0,4",,0,
,втулка на рычаг 16\40,ст 40х,27,"0,04",,0,
,"вал шестерня МЭО 6,3",ст 40х,32,"0,05",,0,
,штифт на фланец 630,ст 40х,35,"0,055",,0,
,вал шестерня МЭП 18000,ст 40х,40,"0,06",,0,
,штифт МЭОФ 630,ст 40х,45,"0,07",,0,
,вал эксцетрика,ст 40х,60,"0,1",,0,
,ось на МЭМ 100,ст 40х,65,"0,1",,0,
,вал БКВ датчика МЭОФ 40-250,ст 40х,72,"0,11",,0,
,"вал датчика МЭП, ПЭМ",ст 40х,74,"0,12",,0,
,вал МЭП 6300,ст 40х,76,"0,12",,0,
,вал шестерня ДСР-110,ст 40х,80,"0,12",,0,
,вал ДСР-118 ,ст 40х,85,"0,13",,0,
,ось вал шестерня МЭП 2500,ст 40х,85,"0,13",,0,
,вал ротора ДСР 110,ст 40х,88,"0,14",,0,
,вал ДСР-118,ст 40х,95,"0,15",105,"15,75",
,шайба МЭОФ 15,ст 40х,100,"0,24",,0,
,стороний заказ,ст 40х,100,"0,24",,0,
,ручка эксцентрика МЭМ 100,ст 40х,105,"0,17",,0,
,вал датчика МЭП 25000\МЭП 100,ст 40х,115,"0,18",,0,
,вал ротора ДСР 110 эксперементальный,ст 40х,116,"0,19",,0,
,вал тормоза,ст 40х,122,"0,2",,0,
,вал шестерня МСП-1.4.04,ст 40х,125,"0,2",,0,
,шпилька на конденсаторный блок,ст 40х,126,"0,2",,0,
,палец МЭО 4000,ст 40х,130,"0,21",,0,
,"шпилька м 16 ДУ 100 мэо 6,3",ст 40х,155,"0,24",,0,
,вал датчика взрыв новый 250,ст 40х,160,"0,26",,0,
,рейка домик,ст 40х,160,"0,26",,0,
,вал датчика взрыв новый 16/40,ст 40х,173,"0,28",,0,
,стойка на приспособление,ст 40х,175,"0,3",,0,
,шпилька м 16 на ДУ 50 16/40,ст 40х,205,"0,32",,0,
,толкатель на лит. Машину,ст 40х,400,"0,096",,0,
,в термичку кручок,ст 40х,2100,"3,3",,0,
,,,,,,0,
14,круг ф 16 ст 35 калибровка,,,,,0,
,штифт на фланец МЭОФ 630,ст 35,35,"0,055",,0,
,штифт на корпус 4000,ст 35,45,"0,07",,0,
,штифт на фланец 630 кор 250,ст 35,65,"0,103",,0,
,штифт на венец 630,ст 35,45,"0,07",,0,
,,,,,,0,
15,круг ф 18 ст 40х,,,,,0,
,шайба на датчик МЭОФ 16/40,ст 40х,8,"0,016",,0,
,втулки новый датчик,ст 40х,12,"0,024",,0,
,гайка датчика МЭОФ 32.02.09,ст 40х,13,"0,026",,0,
,втулка на реостатный датчик/ шестерн датчика,ст 40х,16,"0,032",,0,
,"втулка на индуктивный датчик 6,3",ст 40х,16,"0,032",,0,
,шестерня ПЭМ БО,ст 40х,18,"0,036",,0,
,направляющая шпонки ,ст 40х,18,"0,04",,0,
,шестерня МСП 1.1.01,ст 40х,19,"0,04",,0,
,шестерня на датчик МЭОФ 40-250,ст 40х,20,"0,04",,0,
,Втулка МЭМ 100,ст 40х,20,"0,04",,0,
,"шестерня МЭО 32/15-0,25",ст 40х,23,"0,046",,0,
,втулка МЭОФ 250 взрыв,ст 40х,28,"0,056",,0,
,шестерня двигателя МЭП10000,ст 40х,30,"0,06",,0,
,винт шпонки 4000,ст 40х,30,"0,06",,0,
,"вал  шестерня МЭО 6,3 / штифт 630",ст 40х,32,"0,064",,0,
,шестерня МЭП 6300,ст 40х,38,"0,08",,0,
,вал привода датчика МЭП,ст 40х,40,"0,08",,0,
,шестерня РМ 125,ст 40х,42,"0,084",,0,
,вал шестерня ПЭМ Б 01,ст 40х,42,"0,084",,0,
,штифт на новый фланец 630 волгодонск,ст 40х,42,"0,084",,0,
,вал 2 МЭОФ 15/ штифт 630,ст 40х,45,"0,09",,0,
,вал эксцентрика МЭМ 100,ст 40х,60,"0,12",,0,
,Ось сателлитов ПЭМ Б II,ст 40х,60,"0,12",,0,
,вал датчика МЭОФ 40 250,ст 40х,73,"0,146",,0,
,штифт венца 4000.00.24,ст 40х,75,"0,15",,0,
,вал шестерня ДСР 110,ст 40х,78,"0,156",,0,
,вал двигателя ДСР 110 новый,ст 40х,85,"0,17",,0,
,вал двигателя ДСР 118,ст 40х,95,"0,19",,0,
,шпонка МЭО 4000,ст 40х,100,"0,2",,0,
,шпонка I вала 4000,ст 40х,105,"0,21",,0,
,V вал 630 ВЗИС 721.323.001,ст 40х,121,"0,242",,0,
,"рейка М6,3",ст 40х,150,"0,3",,0,
,V вал 1600,ст 40х,154,"0,31",,0,
,вал датчика взрыв,ст 40х,165,"0,26",,0,
,стойка МЭП 6300,ст 40х,208,"0,62",,0,
,стойка МЭП 6300,ст 40х,258,"0,53",,0,
,стойка МЭП 6300,ст 40х,320,"0,64",,0,
,постороний заказ,ст 40х,510,"2,02",,0,
,,,,,,0,
16,круг ф 20 ст 3,,,,,0,
,винт тяги м16 МЭО 250,ст 3,130,"0,32",,0,
,строителям,ст 3,1000,"2,57",,0,
,шпонка I вала 4000,ст 3,105,"0,26",,0,
,,,,,,0,
17,круг ф 20 ст 40х,,,,,0,
,шайба на МЭМ 100,ст 40х,7,"0,017",,0,
,кольцо БКВ/эксцентрик ПЭМ-А,ст 40х,13,"0,032",,0,
,"втулка на вал датчика 6,3",ст 40х,13,"0,032",,0,
,шестерня ПЭМ БО,ст 40х,16,"0,04",,0,
,шестерня МЭП 25000,ст 40х,17,"0,04",,0,
,шестерня МСП-1.44,ст 40х,22,"0,054",,0,
,"шестерня мэо 32/15-0,25",ст 40х,22,"0,054",,0,
,втуки на фланец 250 ремонтные,ст 40х,22,"0,054",,0,
,корпус стойка МЭМ 100,ст 40х,27,"0,067",260,"17,42",
,втулка ПЭМБ,ст 40х,36,"0,1",,0,
,штифт на фланец 1600,ст 40х,40,"0,099",,0,
,вал-шестерня 16/40,ст 40х,40,"0,1",,0,
,вал-шестерня 16/40 в 160 исполнении,ст 40х,42,"0,12",,0,
,вал-шестерня реечный домик,ст 40х,44,"0,12",,0,
,палец на тягу 630,ст 40х,82,"0,2",,0,
,вал шестерня МЭП 6300,ст 40х,86,"0,2",,0,
,ручка шлагбаума,ст 40х,100,"0,25",,0,
,вал шестерня МЭОФ 15,ст 40х,100,"0,25",,0,
,вал МЭМ 100,ст 40х,102,"0,25",,0,
,палец на тягу 1600,ст 40х,105,"0,26",,0,
,шпонка МЭО 4000,ст 40х,105,"0,26",,0,
,вал шлицевой ПЭМ-А-12,ст 40х,105,"0,26",,0,
,вал V 4000.05.01,ст 40х,198,"0,49",,0,
,стойка МЭП 25000,ст 40х,325,"0,6",,0,
,стойка МЭП 18000,ст 40х,366,"0,9",,0,
,стойка МЭМ 100,ст 40х,427,"1,1",,0,
,на ангар,ст 40х,500,"1,3",,0,
,,,,,,0,
18,круг ф 20 калибровка,,,,,0,
,штифт на фланец 1600,ст 40х,40,"0,09",,0,
,,,,,,0,
19,круг ф 22 ст 40х ,,,,,0,
,Эсцентрик МЭМ 100,ст 40х,10,"0,03",800,24,
,"шестерня на реаст. Датчик 6,3",ст 40х,12,6,,0,
,кольцо МСП РМ,ст 40х,12,"0,036",,0,
,кольцо МЭМ 100,ст 40х,14,"0,042",,0,
,шестерня МЭП 6300,ст 40х,15,"0,045",,0,
,"втулка длинная на датчик 6,3",ст 40х,18,"0,05",600,30,
,шестерня,ст 40х,18,"0,05",,0,
,шестерня ПЭМА12,ст 40х,20,"0,06",,0,
,муфта МСП-1.4.05,ст 40х,25,"0,07",,0,
,корпус стойки МЭМ 100,ст 40х,27,"0,83",,0,
,штифт 1600,ст 40х,32,"0,1",,0,
,муфта МЭОФ 15,ст 40х,34,"0,1",,0,
,втулка кондукторная,ст 40х,34,"0,1",,0,
,шестерня двигателя МЭО 250,ст 40х,38,"0,11",,0,
,вал привода датчика,ст 40х,38,"0,11",,0,
,вал-шестерня 16/40,ст 40х,40,"0,12",,0,
,вал привода датчика МЭП 25000\вал-шестерня16/40,ст 40х,40,"0,12",,0,
,колпак,ст 40х,40,"0,12",,0,
,шестерня МЭМ 40,ст 40х,50,"0,15",,0,
,вал-шестерня МЭМ100,ст 40х,55,"0,15",,0,
,вал ручного привода 250 ДСР-135,ст 40х,75,"0,22",,0,
,вал МЭО 16/40-1600,ст 40х,75,"0,22",,0,
,вал МЭОФ 160\180,ст 40х,77,"0,23",,50,
,палец на тягу 630,ст 40х,82,"0,24",,0,
,вал шестерня на прямоход МЭО 6300,ст 40х,86,"0,26",,0,
,вал шестерня МЭП 6300,ст 40х,88,"0,26",,0,
,вал шестерня МЭП 18000/МЭП 25000,ст 40х,90,"0,27",,0,
,вал шестерня МЭП 25000,ст 40х,96,"0,29",,0,
,"вал датчика МЭО 6,3",ст 40х,98,"0,27",,0,
,ось на ручку шлагбаума / вал датчика,ст 40х,100,"0,3",,0,
,вал МЭМ 100,ст 40х,104,"0,3",,0,
,вал IV на МЭО 40,ст 40х,105,"0,31",,0,
,палец на тягу 1600\ вал датчика,ст 40х,105,"0,31",,0,
,вал датчика,ст 40х,105,"0,31",,0,
,вал датчика МЭМ-100,ст 40х,108,"0,32",605,"193,6",
,вал ротора ДСР 135,ст 40х,115,"0,32",,0,
,вал датчика МЭОФ 32,ст 40х,115,"0,34",,0,
,вал ротора ДСР 142,ст 40х,117,"0,35",,0,
,вал тормаза 630,ст 40х,125,"0,37",,0,
,вал МСП РМ,ст 40х,127,"0,38",,0,
,вал ротора ДСР 135,ст 40х,128,"0,38",,0,
,вал тормоза 630 8НПП.200.009\ вал ротора ДСР135,ст 40х,133,"0,4",,0,
,вал двигателя ДСР 135,ст 40х,135,"0,4",105,42,
,вал МСП РБ/ вал ДСР 142,ст 40х,140,"0,42",,0,
,палец на сторону,ст 40х,143,"0,43",,0,
,вал тормоза 1600,ст 40х,150,"0,36",,0,
,вал ротора ДСР 135,ст 40х,170,"0,5",,0,
,вал ротора ДСР 142,ст 40х,177,"0,52",,0,
,шпильки на испытание ,ст 40х,180,"0,55",,0,
,палец на шарнир,ст 40х,190,"0,57",,0,
,вал ротора ДСР 135,ст 40х,195,"0,53",,0,
,стороний заказ/строителям,ст 40х,200,"0,6",,0,
,стойка МЭП 25000,ст 40х,300,"0,89",,0,
,стойка МЭП 25000,ст 40х,325,1,,0,
,,,,,,0,
20,круг ф 22 ст 4х13,,,,,0,
,вал датчика,4х13,105,"0,31",,0,
,шпиндель шаровой КШТВГ 16/40,4х13,57,"0,17",,0,
,,,,,,0,
21,круг ф 25 ст 40х,,,,,0,
,шестерня на реост датчика,ст 40х,10,"0,039",,0,
,кольцо реостатного датчика,ст 40х,11,"0,004",,0,
,втулки на тормоз 630,ст 40х,15,"0,06",,0,
,шестерня на датчик МЭП25000,ст 40х,15,"0,06",,0,
,втулка запорная МЭП 6300,ст 40х,15,"0,06",,0,
,"шестерня МСП 1,2",ст 40х,16,"0,062",,0,
,эксцентрик МЭМ 100,ст 40х,17,"0,065",,0,
,"шестерня 630 ф 24,7х12  ВЗИС 721.362.001",ст 40х,20,"0,12",,0,
,втулка,ст 40х,20,"0,08",,0,
,"шестерня 16/40 ф 22,3",ст 40х,21,"0,08",,0,
,шестерня тормаза 630,ст 40х,22,"0,09",,0,
,шестерня 16/40,ст 40х,26,"0,1",,0,
,шестерня МЭП 6300,ст 40х,28,"0,11",,0,
,шестерня Д МЭП6300,ст 40х,30,"0,115",,0,
,втулки на штурвал,ст 40х,36,"0,15",,0,
,шестеня двигателя 250,ст 40х,38,"0,15",,0,
,втулки на штурвал,ст 40х,39,"0,17",,0,
,вал привода датчика ПЭМБ 2,ст 40х,40,"0,15",,0,
,вал МЭОФ 15,ст 40х,45,"0,18",,0,
,шестерня МЭМ 100,ст 40х,48,"0,18",,0,
,Вал-шестерня 20 МЭМ100,ст 40х,74,"0,3",,0,
,вал шестерня МЭМ 100/вал руч. Привода МЭО 250,ст 40х,75,"0,29",,0,
,вал шестерня взрыв МЭО 250,ст 40х,75,"0,29",,0,
,штифт венца 4000.00.26,ст 40х,82,"0,32",,0,
,сопло на дробеструйку,ст 40х,96,"0,34",,0,
,вал выходной 16/40 МЭОФ 32.00.06А4,ст 40х,98,"0,38",105,"39,9",
,вал шестерня МЭП,ст 40х,104,"0,4",,0,
,вал датчика / вал 16 /40,ст 40х,105,"0,4",,0,
,вал III МЭП 2500 новый,ст 40х,105,"0,4",,0,
,вал шлицевой на прямоход мэм 100,ст 40х,108,"0,4",,0,
,ось тяги 4000,ст 40х,108,"0,4",,0,
,"вал червячный 6,4",ст 40х,115,"0,44",,0,
,вал ДСР-135 / вал шлицевой ПЭМ Б II,ст 40х,118,"0,45",,0,
,"вал червячный 6,3",ст 40х,122,"0,47",,0,
,вал тормоза стар. 630/ вал-червячный 16/40,ст 40х,133,"0,51",,0,
,вал ДСР-142,ст 40х,138,"0,53",,0,
,вал-VI 20000,ст 40х,145,"0,55",,0,
,вал червячный 16/40,ст 40х,160,"0,62",255,"158,1",
,вал тормоза 1600 ст,ст 40х,160,"0,62",,0,
,вал ручного привода 630,ст 40х,172,"0,66",,0,
,вал ручного привода 4000,ст 40х,187,"0,72",,0,
,вал шестерня МЭП 25000/вал 3 МЭП 25000,ст 40х,194,"0,77",,0,
,вал шлицевый ремонтный,ст 40х,194,"0,8",,0,
,стойка МЭП 25000,ст 40х,300,"1,2",,0,
,стойка МЭП 18000,ст 40х,310,"1,4",,0,
,стержень на прямоход МЭО 18000,ст 40х,358,"1,4",,0,
,стойка МЭП 18000,ст 40х,437,"1,7",,0,
,СТОЙКА МЭП 40000,ст 40х,525,"2,1",,0,
,ремонт винт 16К20,ст 40х,750,"2,95",,0,
,на ангар,ст 40х,1500,6,,0,
,,,,,,0,
22,круг ф 25 ст 20х13,,,,,0,
,шпиндель кран шаровой ДУ 25,ст 20х13,48,"0,18",,0,
,шпиндель  кш 80,ст 20х13,95,"0,4",,0,
,конфузор ДУ 25 на фисанник,ст 20х13,113,"0,44",,0,
,,,,,,0,
23,круг ф 28 ст 40х,,,,,0,
,шайба на ручной привод 250 8НПП 951.002,ст 40х,8,"0,04",,0,
,шайба реостатного датчика,ст 40х,10,"0,048",,0,
,колесо на МЭОФ 15,ст 40х,12,"0,06",,0,
,шайба прижимная МЭП 25000,ст 40х,12,"0,06",,0,
,колесо,ст 40х,13,"0,063",,0,
,шайба прижимная тормаза МЭП ,ст 40х,14,"0,07",,0,
,"колесо на МЭО 6,3",ст 40х,15,"0,07",,0,
,шестерня на датчик,ст 40х,15,"0,07",,0,
,колесо коническое МЭП 6300,ст 40х,15,"0,07",,0,
,шестерня МСП-1.1-02,ст 40х,16,"0,08",,0,
,шайба ,ст 40х,16,"0,08",,0,
,шестерня на тормоз 630,ст 40х,20,"0,1",150,15,
,шестерня ф 25х12 МЭО 1600.04.10В,ст 40х,22,"0,1",,0,
,муфта МСП 194.180,ст 40х,26,"0,125",,0,
,втулка эксцентрика МЭМ 100,ст 40х,26,"0,12",,0,
,муфта 16\40,ст 40х,30,"0,14",,0,
,шестерня на тормоз 4000 8НПП.245,ст 40х,31,"0,15",,0,
,втулка на руч пр взрыв МЭО 250,ст 40х,32,"0,15",,0,
,вал-шестерня,ст 40х,34,"0,18",,0,
,"вал шестерня 6,3",ст 40х,34,"0,16",,0,
,муфта,ст 40х,38,"0,18",,0,
,шестерня МЭП 6300,ст 40х,40,"0,2",,0,
,стороний заказ,ст 40х,40,"0,2",,0,
,шестерня двигателя МЭП 25000/МЭМ100,ст 40х,45,"0,22",75,"16,5",
,вал шестерня МЭО 250 245.007,ст 40х,55,"0,27",,0,
,вал шестерня МЭП 6300/ МЭП25000,ст 40х,56,"0,27",,0,
,вал шестерня МЭМ 100,ст 40х,73,"0,35",,0,
,вал мэоф 15,ст 40х,90,"0,43",,0,
,ось тяги МЭО 4000,ст 40х,108,"0,52",,0,
,вал ротора ДСР 135,ст 40х,112,"0,54",,0,
,"вал МСП 1,4",ст 40х,120,"0,58",,0,
,вал ротора ДСР 135,ст 40х,130,"0,63",,0,
,IV вал 630 ВЗИС 721.323.001,ст 40х,132,"0,64",,0,
,вал тормоза 1600 8НПП.200.008,ст 40х,140,"0,68",,0,
,вал шестерня на прямох МЭП 6300,ст 40х,144,"0,7",,0,
,вал тормаза 1600,ст 40х,147,"0,7",,0,
,IV вал шестерня 1600.04.01,ст 40х,152,"0,73",,0,
,вал шестерня ДСР 135 МЭО 1000,ст 40х,168,"0,81",,0,
,вал ручного привода 630,ст 40х,172,"0,9",,0,
,тяга 1600.16.м24,ст 40х,213,1,,0,
,винт тяга м 24 1600,ст 40х,213,"1,1",,0,
,вал на прямоходник МЭП 18000,ст 40х,218,"1,12",,0,
,вал МЭМ 100 / вал червячный ПЭМ Б II,ст 40х,218,"1,05",,0,
,шпилька м 27 МЭО 630,ст 40х,265,"1,3",,0,
,стойки МЭП 40000,ст 40х,325,"1,6",,0,
,,,,,,0,
24,круг ф 27 ст 40х13 ,,,,,0,
,контрогайка на фисонник ДУ 25,40х13,14,"0,07",,0,
,шпиндель на кран шаровой,40х13,95,"0,43",,0,
,шпиндель КШТВГ ДУ 65 ДУ 80 ДУ 150,40х13,97,"0,48",,0,
,сопло на фисонник ДУ 25,40х13,100,"0,48",,0,
,вал выходной 16/40,40х13,102,"0,49",,0,
,конфузор на фисонник ДУ 25,40х13,120,"0,58",,0,
,,,,,,0,
25,круг ф 30 ст 40х,,,,,0,
,шайба на ручной привод 250,ст 40х,8,"0,05",,0,
,п\муфта ДАУ шлагбаум,ст 40х,10,"0,205",,0,
,втулка ручного привода,ст 40х,10,"0,055",,0,
,втулка МЭП 18000,ст 40х,12,"0,07",,0,
,втулка МЭП 6300,ст 40х,12,"0,07",,0,
,"шестерня МСП,ПЭМ,МЭП",ст 40х,13,"0,08",,0,
,шайба на РП МЭП / ПЭМ,ст 40х,15,"0,1",,0,
,шестерня датчик ПЭМ Б О,ст 40х,15,"0,08",,0,
,"шестерня МСП,ПЭМ,МЭП",ст 40х,18,"0,1",,0,
,муфта кран МЭП 25000,ст 40х,20,"0,11",,0,
,шестерня МЭП 6300,ст 40х,20,"0,11",,0,
,шпонка ПЭМВ,ст 40х,20,"0,111",,0,
,шестерня 3 МЭП 6300,ст 40х,20,"0,11",,0,
,муфта МЭМ 25000\ шпонка ПЭМ В,ст 40х,22,"0,12",,0,
,муфта ДУ 68 и 80 16/40,ст 40х,30,"0,17",,0,
,втулка МЭОФ 250,ст 40х,32,"0,18",,0,
,п\муфта МЭО 630 двигатель,ст 40х,39,"0,22",,0,
,шестерня МЭОФ 630 120 сек,ст 40х,40,"0,064",,0,
,колесо МЭП 6300,ст 40х,40,"0,222",,0,
,вал шестерня на датчик ПЭМ Б,ст 40х,40,"0,22",,0,
,шестерня двигателя МЭП 18000,ст 40х,45,"0,25",,0,
,штифт на фланец 4000,ст 40х,62,"0,39",,0,
,переходник кв. 24,ст 40х,62,"0,35",,0,
,"вал МЭО 6,3",ст 40х,76,"0,42",,0,
,"вал выходной 6,3",ст 40х,82,"0,46",55,"25,3",
,вал червячного колеса,ст 40х,85,"0,48",,0,
,ось тяги 4000 / Вал тормаза ПЭМ Б II,ст 40х,108,"0,6",,0,
,вал шестерни ДСР-135,ст 40х,130,"0,7",,0,
,вал шестерня ПЭМ Б О,ст 40х,130,"0,72",,0,
,IV вал 630,ст 40х,132,"0,73",,0,
,вал-шестерня 2 ПЭМ,ст 40х,132,"0,75",105,"78,75",
,червяк на шлиф станок,ст 40х,135,"0,75",,0,
,III вал шестерня МЭОФ 630-1000,ст 40х,140,"0,78",,0,
,вал шестерня ПЭМ В ,ст 40х,140,"0,8",,0,
,вал шестерня МЭП 630,ст 40х,146,"0,8",,0,
,IV вал 1600,ст 40х,152,"0,84",,0,
,вал червячный 16/40,ст 40х,160,"0,62",,0,
,тяга 4000,ст 40х,214,"1,2",,0,
,вал на аграрную установку,ст 40х,313,"1,7",,0,
,тяга 4000.25.0259.92К,ст 40х,400,"2,2",,0,
,на литейную форму,ст 40х,600,"3,3",,0,
,на ангар,ст 40х,3000,16,,0,
,,,,,,0,
26,круг ф 30 ст 30х13,,,,,0,
,шпиндель КШ ДУ 100 ДУ 80,30х13,60,"0,333",,0,
,шпиндель КШ ДУ 100,30х13,80,"0,44",,0,
,,,,,,0,
27,круг ф 32 ст 40х,,,,,0,
,кулачок МЭОФ 15,ст 40х,10,"0,063",,0,
,шестерня МЭМ 100,ст 40х,10,"0,063",,0,
,шестерня МЭП 6300,ст 40х,10,"0,063",,0,
,кольцо МЭМ 100/ колесо датчика МЭП/ПЭМ,ст 40х,12,"0,076",,0,
,шайба прижима МЭП 25000,ст 40х,13,"0,08",,0,
,крышка индуктивного датчика,ст 40х,15,"0,095",,0,
,кольцо 17 ПЭМ А,ст 40х,15,"0,1",,0,
,колесо,ст 40х,20,"0,13",,0,
,"колесо 6,3 ф 29,55",ст 40х,22,"0,14",,0,
,втулка МЭОФ 250 взрыв,ст 40х,24,"0,15",,0,
,Сухарик,ст 40х,28,"0,18",,0,
,"втулка на ручной привод мэо 6,3",ст 40х,32,"0,15",,0,
,п/муфта МЭО 40-100-250 ДАУ,ст 40х,38,"0,25",,0,
,вал-шестерня 16/40,ст 40х,40,"0,26",,0,
,шестерня двигателя МЭП 25000,ст 40х,42,"0,27",,0,
,муфта КШ 80/муфта присоеденительная МЭП6300,ст 40х,50,"0,28",,0,
,п\муфта двигателя 630 ,ст 40х,50,"0,32",,0,
,штифт 4000,ст 40х,60,"0,4",,0,
,вал МЭО 16/40/100,ст 40х,75,"0,47",,0,
,вал МЭОФ 16/40,ст 40х,78,"0,5",,0,
,"вал выходной мэо 6,3",ст 40х,82,"0,52",,0,
,шпонки МЭО 4000\ вал конический,ст 40х,110,"0,7",,0,
,2 вал МЭП 2500,ст 40х,130,"0,82",,0,
,вал на сторону,ст 40х,140,"0,9",,0,
,винт шестерня МЭП 6300,ст 40х,205,"1,3",,0,
,винт тяга 1600,ст 40х,213,"1,3",,0,
,вал шестерня МЭП 18000,ст 40х,215,"1,4",,0,
,вал шестерня МЭП 25000,ст 40х,217,"1,4",,0,
,вал шестерня 1 ПЭМ,ст 40х,217,"1,4",72,"100,8",
,вал МЭП 6300 шестерня винта,ст 40х,240,"1,7",,0,
,шпилька на лит машину,ст 40х,250,"1,78",,0,
,вал МЭП 6300 шестерня винта,ст 40х,255,"1,75",,0,
,винт ходовой на прямох МЭП 25000,ст 40х,386,"2,4",,0,
,толкатель лит. Машина,ст 40х,400,"2,25",,0,
,,,,,,0,
28,круг ф 32 ст 3,,,,,0,
,кольцо индуктивного датчика,ст 3,10,"0,06",,0,
,крышка индуктивного датчика,ст 3,15,"0,1",,0,
,штуцер ДУ25,ст 3,95,"0,58",,0,
,труба на фисанник ДУ 25,ст 3,185,"1,16",,0,
,винт тяги МЭО 1600,ст 3,213,"1,34",,0,
,тяга МЭО 4000,ст 3,214,"1,4",,0,
,ось на упор 4000,ст 3,375,"2,4",,0,
,на шарниры,ст 3,3000,18,,0,
,втулка на РП 250,ст 3,,,,0,
,,,,,,0,
29,круг ф 34 ст 40х,,,,,0,
,корпус ручного привода 8НПП.005.008,ст 40х,36,"0,26",,0,
,шестерня на тормоз 630,ст 40х,20,"0,14",,0,
,вал тормоза 4000,ст 40х,138,"0,98",,0,
,,,,,,0,
30,круг ф 36 ст 40х,,,,,0,
,колесо вал шестерня МЭП 25000,ст 40х,10,"0,08",,0,
,кулачок МЭОФ 15,ст 40х,12,"0,096",,0,
,шайба прижимная МЭП 25000,ст 40х,13,"0,1",,0,
,шайба МЭП 25000,ст 40х,13,"0,1",,0,
,муфта МЭП 6300,ст 40х,15,"0,12",,0,
,"колесо МЭО 6,3 ф34,4",ст 40х,16,"0,13",,0,
,шестерня МСП-1.4.02,ст 40х,17,"0,14",,0,
,"шестерня коническая МЭП,ПЭМ",ст 40х,17,"0,14",,0,
,колесо червячное Ф 34 ПЭМА,ст 40х,17,"0,14",,0,
,шестерня сателлит 630 ВЗИС 721.332.601,ст 40х,20,"0,16",,0,
,колесо МЭМ 100 ,ст 40х,20,"0,16",,0,
,шестерня на тормоз 1600\630,ст 40х,23,"0,18",,0,
,втулка вал 3 МЭП\ПЭМ,ст 40х,24,"0,2",,0,
,втулка МЭП 25000,ст 40х,24,"0,2",,0,
,шестерня,ст 40х,26,"0,21",,0,
,"колесо зубчатое МЭО 100/10-0,25 ДАУ",ст 40х,28,"0,22",,0,
,втулка планетарки 1600.35х20,ст 40х,30,"0,24",,0,
,шестерня 4000,ст 40х,33,"0,26",,0,
,муфта затвора ДУ 100 МЭО 40,ст 40х,35,"0,28",,0,
,шестерня 20000,ст 40х,35,"0,28",,0,
,муфта ДУ 150; 50; 80 МЭО 16/40,ст 40х,36,"0,29",,0,
,червяк ручного привода 630 ВЗИС 722.565.001,ст 40х,36,"0,29",,0,
,"муфта МЭО 6,3",ст 40х,36,"0,29",,0,
,шестерня ПЭМ БО,ст 40х,44,"0,35",,0,
,муфта перех МЭП 6300,ст 40х,45,"0,36",,0,
,муфта МЭП 6300,ст 40х,45,"0,36",,0,
,шестерня 4000 90 сек,ст 40х,45,"0,36",,0,
,корпус ручного привода 250,ст 40х,45,"0,36",,0,
,прижим МЭП 6300,ст 40х,45,"3,6",,0,
,муфта эл/двигат МЭО 630 ,ст 40х,48,"0,36",,0,
,корпус ручного привода МЭП 25000,ст 40х,50,"0,38",,0,
,вал шестерня МЭП 6300,ст 40х,52,"0,4",,0,
,муфта КШТВ 16-50 МЭО 16/40,ст 40х,55,"0,5",,0,
,п/муфта тормоза 630 8НПП.255.013,ст 40х,55,"0,44",,0,
,вал шестерня МЭП10000,ст 40х,57,"0,45",,0,
,муфта эл/двигат МЭО 1600 взрывоопасный,ст 40х,58,"0,46",,0,
,штифт на МЭОФ 4000,ст 40х,60,"0,48",,0,
,упор на рычаг 630/ шпонка 250,ст 40х,60,"0,48",,0,
,вал шестерня МЭО 450,ст 40х,60,"0,48",,0,
,втулка,ст 40х,60,"0,48",,0,
,шестерня РМ 3000 ,ст 40х,70,"0,56",,0,
,муфта,ст 40х,70,"0,56",,0,
,вилка МЭО 16/40,ст 40х,72,"0,58",,0,
,"вал выходной МЭО 6,3",ст 40х,82,"0,66",,0,
,вал шестерня ПЭМ БО,ст 40х,100,"0,8",,0,
,вал-шестерня коническая РП МЭП.ПЭМ,ст 40х,100,"0,8",,0,
,шпонка I вала 4000,ст 40х,110,"0,9",,0,
,вал-шестерня коническая РП МЭП.ПЭМ новая,ст 40х,110,"0,9",,0,
,стороний заказ,ст 40х,110,"0,9",,0,
,вал шестерня  юкка,ст 40х,116,"0,9",,0,
,вал тормоза 4000 8НПП 200.002,ст 40х,150,"1,2",,0,
,спецсверло 100.001,ст 40х,150,"1,2",,0,
,болт на лит. Машину,ст 40х,150,"1,2",,0,
,вал черв-й на ручн.привод 1600.06.03Б,ст 40х,172,"1,4",,0,
,вал ручного привода МЭО 1600,ст 40х,172,"1,4",,0,
,вал ПЭМ-В,ст 40х,190,15,,0,
,"вал шестерня 1 ПЭМ, МЭП",ст 40х,217,"1,7",,0,
,оправка на фрезерный станок,ст 40х,300,"2,4",,0,
,вал шестерня МЭП 25000,ст 40х,300,"2,3",1,"2,3",
,клин,ст 40х,700,"5,7",1,"5,7",
,,,,,,0,
31,круг ф 36 ст 20,,,,,0,
,штуцер на фисанник ДУ25,ст 20,108,"0,86",,0,
,труба на фисанник ДУ 25,ст 20,185,"1,5",,0,
,муфта на фиссаник ДУ 50,ст 20,48,"0,4",,0,
,,,,,,0,
32,круг ф 40 ст 40х,,,,,0,
,вал шестерня МЭП 6300,ст 40х,10,"0,1",,0,
,колесо МЭМ 100/ колесо датчика МЭП/ПЭМ,ст 40х,11,"0,047",,0,
,кольцо МЭП 6300,ст 40х,14,"0,14",,0,
,шестерня МЭП 18000,ст 40х,15,"0,15",,0,
,крышка бронешланга 630,ст 40х,15,"0,15",,0,
,кольцо на крепление шкалы МЭП 25000,ст 40х,15,"0,15",,0,
,гайка МЭМ 100,ст 40х,18,"0,18",,0,
,шестерня 1600.04.15  m-1 z-33,ст 40х,20,"0,2",,0,
,колесо МСП-1-3-024,ст 40х,20,"0,2",,0,
,сателлиит МЭО 630,ст 40х,20,"0,2",,0,
,муфта МЭП 25000,ст 40х,20,"0,2",,0,
,гайка МЭМ 100,ст 40х,20,"0,21",,0,
,втулка планетарки 16000,ст 40х,22,"0,22",,0,
,муфта МЭП 25000,ст 40х,22,"0,22",,0,
,"колесо МЭО 6,3 ф 36,64",ст 40х,23,"0,23",,0,
,муфта2 тормаза МЭП.ПЭМ (ОСТРАЯ),ст 40х,23,"0,23",,0,
,муфта1 тормаза МЭП.ПЭМ (ТУПАЯ),ст 40х,26,"0,26",,0,
,втулка прижимная,ст 40х,27,"0,27",,0,
,шестерня 250 8НПП.245.009 ф 37х11,ст 40х,40,"0,39",,0,
,втулка на фисанник ДУ25,ст 40х,40,"0,39",,0,
,муфта на старый тормоз 1600,ст 40х,40,"0,39",,0,
,червяк МЭОФ 1000,ст 40х,40,"0,39",,0,
,Сухарик,ст 40х,40,"0,39",,0,
,п/муфта двигателя МЭО 1600.04.09,ст 40х,48,"0,47",,0,
,п\муфта МЭО 40-100-250 ДАУ,ст 40х,48,"0,47",,0,
,муфта ДУ 100 16/40,ст 40х,50,"0,49",,0,
,шестерня МЭМ 100,ст 40х,50,"0,5",,0,
,упор рычаг 630 в корп 250,ст 40х,53,"0,52",,0,
,муфта ДУ 100 МЭО 16/40,ст 40х,55,"0,54",,0,
,п\муфта 630 тормоза,ст 40х,55,"0,54",,0,
,муфта WATTS-50 МЭО 16/40,ст 40х,58,"0,6",,0,
,муфта ДУ 32 МЭО 40,ст 40х,62,"0,6",,0,
,муфта на  мэп 18000,ст 40х,68,"0,7",,0,
,"вал выходной 6,3",ст 40х,68,"0,67",,0,
,вал 16/40 промарматура,ст 40х,80,"0,79",,0,
,вал шестерня МЭМ 100,ст 40х,100,"1,8",,0,
,приспособление,ст 40х,105,"1,1",,0,
,палец на тягу 1600,ст 40х,110,"1,1",,0,
,III вал МЭО 630 ВЗИС 721.323.003,ст 40х,135,"1,33",,0,
,вал шестерня МЭОФ 630-1000,ст 40х,140,"1,4",,0,
,вал шестерня МЭОФ 1000,ст 40х,140,"1,4",,0,
,вал квадратный МЭОФ 250 квад-т 24,ст 40х,166,"1,6",,0,
,вал выходной ПЭМВ,ст 40х,190,"1,9",,0,
,шпонка 20000,ст 40х,190,"1,9",,0,
,правка нарезки зубьев,ст 40х,205,2,,0,
,вал на червячную шестерню 250.25.84 м21,ст 40х,215,"2,27",,0,
,вал МЭО 250 выходной,ст 40х,215,"2,27",,0,
,вал ПЭМВ,ст 40х,240,"2,37",,0,
,винт М36 МЭО 4000,ст 40х,260,"2,6",,0,
,винт МЭП 25000\вал ПЭМВ,ст 40х,290,3,,0,
,на литейную машину,ст 40х,330,"4,1",,0,
,на зубонарезной станок,ст 40х,570,"6,1",,0,
,клин на ремонт ,ст 40х,600,6,,0,
,,,,,,0,
33,круг ф 40 ст 30х13,,,,,0,
,конфузор АТЭС ДУ 40,ст 30х13,140,"1,4",,0,
,сопло АТЭС ДУ 40,ст 30х13,143,"1,4",,0,
,шток на фиссаник ДУ 50,ст 30х13,390,"3,8",,0,
,контрогайка на фас ДУ 40,ст 30х13,20,"0,2",,0,
,втулка на литформу,ст 30х13,100,1,,0,
,,,,,,0,
34,круг ф 40           броф,,,,,0,
,втулка на Домик,броф,15,"0,2",,0,
,стороний заказ,броф,50,"0,5",,0,
,гайка ПЭМ А,броф,60,"0,8",,0,
,гайка МЭП 6300,броф,50,"0,5",,0,
,,,,,,0,
35,круг ф 42 ст 40х,,,,,0,
,шестерня реостатного датчика ,ст 40х,10,"0,1",,0,
,шестерня МСП-144.01,ст 40х,12,"0,13",,0,
,кольцо центрирующее МЭМ 100 / 16/40,ст 40х,13,"0,14",,0,
,колесо МЭП 6300/ПЭМ,ст 40х,13,"0,14",,0,
,кольцо на прямох 18000,ст 40х,18,"0,2",,0,
,гайка МЭМ 100,ст 40х,18,"0,19",,0,
,"шестерня 16/40 41,7х10",ст 40х,22,"0,24",,0,
,сателлит 1600.18.04,ст 40х,23,"0,25",,0,
,шестерня МЭО 1600,ст 40х,25,"0,27",,0,
,муфта I МЭП 25000,ст 40х,25,"0,27",,0,
,муфта МЭП18000,ст 40х,25,"0,27",,0,
,п/муфта тормоза 630,ст 40х,35,"0,38",,0,
,кольцо МЭМ 100,ст 40х,36,"0,14",,0,
,"червяк ручного привода 4000.25-0,25.92К15",ст 40х,40,"0,44",,0,
,шестерня МЭП 100,ст 40х,40,"0,44",,0,
,шестерня двигателя ПЭМ Б,ст 40х,45,"0,49",75,"36,75",
,муфта МЭОФ 1600,ст 40х,45,"0,48",,0,
,"корпус РП 630/ МЭП , ПЭМ",ст 40х,49,"0,53",,0,
,колесо МЭМ 100,ст 40х,50,"0,54",,0,
,п\муфта двигателя МЭО 1600 взрыв,ст 40х,50,"0,54",,0,
,муфта ДУ 100 МЭОФ 16\40,ст 40х,52,"0,57",,0,
,шестерня двигателя ПЭМ В ,ст 40х,60,"0,65",,0,
,Корпус РП МЭП\ПЭМ,ст 40х,68,"0,73",,0,
,п/муфта ДУ 250 МЭО 16/40,ст 40х,70,"0,76",,0,
,"корпус РП МЭП , ПЭМ новый",ст 40х,73,"0,78",105,"81,9",
,вал выходной 16\40 промарматура,ст 40х,78,"0,85",,0,
,палец на тягу 1600,ст 40х,108,"1,2",,0,
,вал шестерня МЭО 630,ст 40х,134,"1,5",,0,
,рычаг 16/40,ст 40х,135,"1,6",,0,
,вал шестерня IV МЭОФ 1000,ст 40х,140,"1,5",,0,
,вал шестерня МЭОФ 1000,ст 40х,140,"1,5",,0,
,вал выходной МЭП 100,ст 40х,156,"1,7",,0,
,вал квадратный МЭОФ 250 квад-т 24,ст 40х,166,"1,66",,0,
,стороний заказ,ст 40х,200,"2,2",,0,
,вал МЭО 250 выходной,ст 40х,215,"2,4",,0,
,оправка на зуборезный станок,ст 40х,240,"2,8",,0,
,толкатель на лит. Машину,ст 40х,500,"5,7",,0,
,,,,,,0,
36,круг ф 45 ст 40х,,,,,0,
,шестерня на реостатный датчик,ст 40х,8,"0,01",,0,
,шестерня ПЭМ БО,ст 40х,10,"0,12",,0,
,п/муфта МЭМ 100,ст 40х,12,"0,16",,0,
,колесо МЭОФ 15,ст 40х,13,"0,16",,0,
,диск на БКВ.8НПП.186.01,ст 40х,15,"0,2",,0,
,колесо МЭОФ 160-18000,ст 40х,15,"0,18",,0,
,шайба прижимная МЭП 25000,ст 40х,16,"0,2",,0,
,кольцо на крепление шкалы МЭП 6300,ст 40х,16,"0,2",,0,
,кольцо центрирующее,ст 40х,17,"0,22",,0,
,шестерня 1600.04.106,ст 40х,18,"0,22",,0,
,втулка на корпус 1600,ст 40х,20,"0,26",,0,
,"шестерня 16/40 ф41,7х10",ст 40х,22,"0,27",,0,
,шесерня МЭО 630 ф 42х12,ст 40х,22,"0,27",,0,
,колесо 16/40 МЭМ 40,ст 40х,23,"0,29",,0,
,шестерняМЭМ 100,ст 40х,23,"0,28",,0,
,саттелит на планетарку 1600,ст 40х,25,"0,312",,0,
,колесо домик реечный,ст 40х,26,"0,33",,0,
,п/муфта тормаза МЭМ 100,ст 40х,33,"0,4",,0,
,тяга,ст 40х,34,"0,44",,0,
,шестерня V вала 4000.04.03,ст 40х,36,"0,44",,0,
,муфта ДУ 50 МЭО 16/40,ст 40х,45,"0,56",,0,
,п/муфта двигателя МЭМ 100,ст 40х,45,"0,56",,0,
,корпус ручного привода МЭП 25000,ст 40х,49,"0,6",,0,
,муфта ДУ 80 МЭО 16/40,ст 40х,50,"0,62",,0,
,п/муфта тормоза 4000  п/м двигателя ПЭМ Б II,ст 40х,50,"0,62",,0,
,муфта переходная МЭП 25000,ст 40х,52,"0,65",,0,
,муфта ДУ-150 16/40,ст 40х,58,"0,72",,0,
,червяк на прямоходник МЭМ 100,ст 40х,58,"0,72",,0,
,червяк МЭМ 100,ст 40х,58,"0,7",,0,
,п/муфта тормоза 1600 8НПП 255.011/втулкаКШ50,ст 40х,60,"0,64",,0,
,шестерня двигателя МЭП 25000 НОВЫЙ,ст 40х,60,"0,75",,0,
,корпус горловины КШ 50,ст 40х,60,"0,75",,0,
,корпус горловины КШ 50,ст 40х,60,"0,75",,0,
,шестерня двигателя МЭП В союз-01,ст 40х,60,"0,75",,0,
,п/муфта двигателя МЭМ 100,ст 40х,60,"0,73",,0,
,муфта ДДУ 100 МЭО 250,ст 40х,65,"0,81",,0,
,муфта ДУ 200 МЭО 250,ст 40х,66,"0,81",,0,
,корпус МЭП 25000/ ПЭМ Б II,ст 40х,70,"0,87",,0,
,корпус тормоза МЭП 18000,ст 40х,72,"0,9",,0,
,втулка МЭМ 18000,ст 40х,73,"0,9",,0,
,вал шестерня МЭП 25000,ст 40х,75,1,,0,
,стороний заказ,ст 40х,75,1,,0,
,втулка на шлагбаум,ст 40х,90,"1,1",,0,
,болт на лит. Машину,ст 40х,90,"1,1",,0,
,палец на тягу 1600,ст 40х,108,"1,35",,0,
,1 вал шестерня МЭОФ 630-1000,ст 40х,198,"2,47",,0,
,вал I 1000,ст 40х,200,"2,53",,0,
,вал планетарки 4000,ст 40х,207,"2,6",,0,
,вал на сторону,ст 40х,220,"2,9",,0,
,шпонка на втулку 20000,ст 40х,230,8,,0,
,штифт для МЭМ,ст 40х,260,"3,2",,0,
,оправка на фрезерный станок,ст 40х,380,"4,7",,0,
,стороний заказ,ст 40х,560,"6,3",,0,
,,,,,,0,
37,круг ф 45 ст 30х13,,,,,0,
,контрогайка на фиссаник ДУ 40,40х13,18,"0,22",,0,
,затвор шаровой,40х13,45,"0,56",,0,
,на форму,40х13,50,"0,62",,0,
,конфузор на фиссаник ДУ 40,40х13,140,"1,6",,0,
,контрогайка на фиссаник ДУ 50,40х13,18,"0,2",,0,
,сопло на фисанник ДУ 40,40х13,150,"1,8",,0,
,сопло на фисанник ДУ 40,40х13,160,"1,95",,0,
,,,,,,0,
38,круг ф 50 ст 40х,,,,,0,
,"шестерня на реостат датчик МЭО 6,3",ст 40х,8,"0,12",,0,
,п/муфта МЭМ 100/ колесо датчика ПЭМ/МЭП,ст 40х,12,"0,18",,0,
,полумфта МЭМ 100 под шарики,ст 40х,14,"0,23",,0,
,шайба прижимная МЭП 6300/ колесо датчика,ст 40х,15,"0,24",,0,
,полукольцо МЭП 25000,ст 40х,18,"0,32",,0,
,вал шестерня МЭОФ 1000,ст 40х,20,"0,34",,0,
,колесо IV вала МЭОФ 630-1000,ст 40х,20,"0,308",,0,
,гайки на МЭП 6300,ст 40х,20,"0,3",,0,
,прижимная шайба МЭП/ ПЭМ ,ст 40х,20,"0,31",,0,
,Гайка МЭП 6300,ст 40х,20,"0,31",,0,
,шестерня МЭП 25000,ст 40х,21,"0,32",,0,
,"колесо МЭО 16/40 m-0,8 z-55",ст 40х,22,"0,34",,0,
,"шестерня 1600 16-0,25 / 16/40",ст 40х,22,"0,34",,0,
,"колесо вал III МЭП,ПЭМ,",ст 40х,22,"0,34",,0,
,колесо ПЭМ В союз-01,ст 40х,22,"0,34",,0,
,шестерня на МЭО 1600 16 сн/ ПЭМ-Б ,ст 40х,22,"0,34",,0,
,"шестерня МЭО 6,3",ст 40х,23,"0,35",,0,
,колесо МЭОФ 160/180,ст 40х,25,"0,4",,0,
,колесо МЭП 25000,ст 40х,26,"0,4",,0,
,шестерня ПЭМ В 50 об.,ст 40х,28,"0,44",,0,
,колесо ПЭМБ 5/ домик,ст 40х,30,"0,46",,0,
,ступицы червячного колеса 16/40,ст 40х,31,"0,47",,0,
,муфта МЭМ 100,ст 40х,33,"0,5",,0,
,саттелит на прямоход МЭМ 100,ст 40х,34,"0,52",,0,
,шестерня на фрезерный станок,ст 40х,35,"0,54",,0,
,втулка на вал ПЭМ-Б новый,ст 40х,35,"0,54",,0,
,червяк ручного привода 4000,ст 40х,36,"0,6",,0,
,шестерня V вала 4000,ст 40х,36,"0,6",,0,
,муфта МЭО 250,ст 40х,42,"0,65",20,13,
,арматура на литье,ст 40х,45,"0,7",,0,
,муфта 250 корпус сватика,ст 40х,50,"0,75",,0,
,стороний заказ,ст 40х,50,"0,75",,0,
,муфта ДУ 150 МЭО 250 / червяк ПЭМ А,ст 40х,60,"0,93",,0,
,корпус горловины кш 80,ст 40х,60,"0,93",,0,
,муфта ДУ 150 МЭО 250,ст 40х,70,"1,1",,0,
,муфта МЭО 250 СОЮЗ 01,ст 40х,78,"1,2",,0,
,муфта ДУ 200 МЭО 250,ст 40х,85,"1,3",,0,
,вал шестерня МЭП 25000,ст 40х,100,"1,5",,0,
,кулачки,ст 40х,110,"1,75",,0,
,муфта МЭОФ 160 ДУ-100,ст 40х,115,"1,8",,0,
,II вал 630 ВЗИС 721.323.002,ст 40х,142,"2,2",,0,
,стороний заказ,ст 40х,150,"9,7",,0,
,шток МЭП 6300,ст 40х,155,"2,4",,0,
,вал-муфта ПЭМ-А,ст 40х,162,"2,7",,0,
,вал планетарки МЭП 6300\1600,ст 40х,170,"2,63",,0,
,I вал МЭОФ 630-1000,ст 40х,198,"3,05",,0,
,вал планетарки 4000\ шток МЭП6300,ст 40х,205,"3,16",,0,
,вал планетарки 4000,ст 40х,207,"3,2",,0,
,I вал 630 фланцевый МЭОФ,ст 40х,210,"3,23",,0,
,вал муфта МЭМ 100,ст 40х,220,"3,4",,0,
,I вал 630 ВЗИС 715.4130.004.01,ст 40х,245,"3,8",,0,
,вал винт МЭП 25000,ст 40х,265,"4,1",,0,
,вал муфта МЭМ 100,ст 40х,284,"4,4",,0,
,вал-винт МЭП 18000,ст 40х,304,"4,8",,0,
,вал-винт МЭП 25000 НОВЫЙ,ст 40х,310,5,,0,
,вал винт МЭП 18000,ст 40х,315,"4,8",,0,
,вал на испытательный стенд,ст 40х,360,"5,56",,0,
,вал-винт МЭП 18000,ст 40х,384,6,,0,
,винт МЭП 40000,ст 40х,465,"7,25",1,"7,25",
,,,,,,0,
39,круг ф 50 ст 3,,,,,0,
,втулка на тягу 4000,ст 20,40,"0,6",,0,
,"корпус шпинделя кран шар ДУ 80, ДУ 50",ст 3,65,1,,0,
,горловина КШ 50 и 80,ст 3,67,1,,0,
,штуцер на фисанник ДУ40 АТЭС,ст 3,120,"1,85",,0,
,труба на фисанник ДУ40 АТЭС,ст 3,245,"3,8",,0,
,на шарниры,ст 3,1300,20,,0,
,,,,,,0,
40,круг ф 50 ст 40х13,,,,,0,
,сопло фисанник ДУ 50,ст 40х13,160,"2,46",,0,
,конфузор на фиссаник ДУ 40,ст 40х13,145,"2,2",,0,
,конфузор на фиссаник ДУ 50,ст 40х13,190,"2,93",,0,
,шпиндель КШ ДУ 150,ст 40х13,110,"1,7",,0,
,на литформу,ст 40х13,40,"0,62",,0,
,к/гайка фиссаник ДУ50,ст 40х13,18,"0,28",,0,
,,,,,,0,
41,круг ф 56 ст 40х,,,,,0,
,диск МЭП 18000,ст 40х,9,"0,17",,0,
,кольцо центрирующее 16/40,ст 40х,12,"0,23",,0,
,шайба МЭП,ст 40х,12,"0,23",,0,
,кольцо МЭП 25000/прижим домик реечный,ст 40х,16,"0,3",,0,
,"колесо ф50,4 16/40 в 160 исполнении",ст 40х,18,"0,32",,0,
,колесо конич МЭП 25000,ст 40х,20,"0,4",,0,
,"колесо 16\40 m-06 z-83 МЭО 40/25-0,25",ст 40х,22,"0,43",,0,
,шестерня МЭМ 630,ст 40х,22,"0,43",,0,
,колесо зубчатое 8НПП.245.036 МЭО 16/40,ст 40х,25,"0,49",,0,
,шестерня МЭП 1600/двойной блок 16/40,ст 40х,25,"0,5",,0,
,колесо зубчатое МЭО 16/40,ст 40х,28,"0,56",,0,
,втулка МЭП 18000,ст 40х,28,"0,54",,0,
,колесо зубчатое  МЭО 16/40,ст 40х,29,"0,57",,0,
,колесо МЭП 18000,ст 40х,31,"0,6",,0,
,колесо на тормоз МЭО 4000,ст 40х,33,"0,64",,0,
,втулка на фисанник ДУ40 АТЭС,ст 40х,38,"0,7",,0,
,п/муфта тормоза МЭО 1600,ст 40х,40,"0,8",,0,
,шестерня на шлагбаум,ст 40х,40,"0,8",,0,
,п/муфта 4000 тормоза 8НПП.255.002,ст 40х,42,"0,8",,0,
,муфта МЭОФ 250,ст 40х,46,"0,9",,0,
,колесо зубчатое МЭМ 100,ст 40х,48,"0,93",10,"9,3",
,втулка МЭОФ 1000 союз 01,ст 40х,49,"0,95",,0,
,муфта ДУ 200 МЭО 250,ст 40х,75,"1,4",,0,
,муфта СОЮЗ 01,ст 40х,78,"1,5",,0,
,муфта кмч,ст 40х,87,"1,73",,0,
,червяк на сторону,ст 40х,88,"1,74",,0,
,на лит. машин,ст 40х,110,"2,2",,0,
,вал шестерня МЭО 630,ст 40х,135,"2,6",,0,
,шток МЭП 6300\кулачки на станок,ст 40х,145,"2,8",,0,
,вставка МЛ-109,ст 40х,175,"3,4",,0,
,вал шестерня ПЭМВ,ст 40х,177,"3,4",,0,
,шток МЭП 6300,ст 40х,205,4,,0,
,I вал МЭОФ 630,ст 40х,210,"4,65",,0,
,вал ПЭМ А КМЧ,ст 40х,216,"4,3",,0,
,вал муфты МЭП 100,ст 40х,220,"4,3",,0,
,I вал 630,ст 40х,245,45,,0,
,на приспособение,ст 40х,260,5,,0,
,вал шлагбаума МЭО 630,ст 40х,280,"5,4",,0,
,стороний заказ,ст 40х,280,"5,4",,0,
,вал винт МЭП 18000,ст 40х,384,"7,4",,0,
,направляющая,ст 40х,410,"8,3",,0,
,вал шестерни,ст 40х,450,"8,7",,0,
,на стороний заказ,ст 40х,810,"15,7",,0,
,,,,,,0,
42,круг ф 56 ст 40х13,,,,,0,
,конфузор на фиссаник ДУ 50,ст 40х13,160,"3,09",,0,
,сопло на фиссаник ДУ 50,40х13,160,"3,1",,0,
,затвор шаровой КШ ДУ 32,40х13,55,"1,1",,0,
,,,,,,0,
43,круг ф 60 ст 40х,,,,,0,
,шайба прижимная 1600.00.20м,ст 40х,13,"0,29",,0,
,шестерня 16/40,ст 40х,15,"0,33",,0,
,кольцо центриющее МЭО 250,ст 40х,15,"0,33",,0,
,кольцо запорное МЭП 25000,ст 40х,20,"0,44",,0,
,шестерня на ПЭМ Б,ст 40х,20,"0,44",,0,
,колесо ПЭМА,ст 40х,20,"0,44",,0,
,крышка 16/40в 160 исполнении,ст 40х,21,"0,46",,0,
,червяк МЭМ 100,ст 40х,22,"0,5",,0,
,колесо III вала МЭОФ 630/шестерня 16/40,ст 40х,25,"0,55",,0,
,втулка 1 МЭП 25000,ст 40х,27,"0,6",,0,
,п/муфта 4000\03,ст 40х,28,"0,62",,0,
,колесо зубчатое МЭО 40 с ДСР 70,ст 40х,28,"0,62",,0,
,штурвал МЭО 16/40,ст 40х,28,"0,62",,0,
,колесо ПЭМ В 50 об.,ст 40х,28,"0,6",,0,
,шестерня МЭП 25000,ст 40х,28,"0,6",,0,
,"шестерня МЭОФ 4000 25/0,25",ст 40х,30,"0,6",,0,
,"колесо МЭО 40/25-0,25 с ДСР 70",ст 40х,30,"0,67",,0,
,муфта 6300,ст 40х,30,"0,66",,0,
,корпус плунжера МЭМ 100,ст 40х,34,"0,75",,0,
,п/муфта 4000\04 ,ст 40х,40,"0,9",,0,
,п/ муфта шлицевая ПЭМ А,ст 40х,40,"0,9",,0,
,шестерн на шлагбаум,ст 40х,42,"0,93",,0,
,муфта МЭМ 100,ст 40х,44,1,35,35,
,гайка мэп 25000,ст 40х,50,"1,1",,0,
,муфта ДУ 200 МЭО 250,ст 40х,63,"1,4",,0,
,муфта МЭО 250 ДУ 250,ст 40х,67,"1,5",,0,
,переходник МЭО 250,ст 40х,95,"2,1",,0,
,на штамп,ст 40х,100,"2,2",,0,
,муфта ДУ 300 МЭО 630,ст 40х,105,"2,3",,0,
,IV вал шестерня МЭОФ 630,ст 40х,115,"2,33",,0,
,вал шестернямэп 25000,ст 40х,130,3,,0,
,вал шестерня пл-ки 630 / косынка 4000,ст 40х,135,3,,0,
,шток МЭП 6300/косынка 10000,ст 40х,146,"3,2",,0,
,вал червячный МЭО 250,ст 40х,230,"5,1",,0,
,I вал 630,ст 40х,245,"5,35",,0,
,оправка на зубонарезной станок,ст 40х,250,"5,5",,0,
,"вал червячный МЭО 250.25-0,25 84м.19",ст 40х,260,"5,8",,0,
,оправка на зуборезный станок,ст 40х,288,"6,4",,0,
,вал винт 25000,ст 40х,314,7,,0,
,оправка,ст 40х,400,9,,0,
,стороний заказ,ст 40х,400,9,,0,
,,,,,,0,
44,круг ф 60 ст 40х13,,,,,0,
,контрогайка на фисанник ДУ 65,40х13,20,"0,44",,0,
,конфузор на фисанник ДУ 50,40х13,170,4,,0,
,ковш,40х13,100,"2,3",,0,
,контрогайка на фиссаник ДУ 50,40х13,16,"0,36",,0,
,сопло фисаник ДУ 50,40х13,200,"4,6",,0,
,,,,,,0,
45,круг ф 60 ст 20,,,,,0,
,упор на рычаг 4000,ст 20,55,"1,2",,0,
,,,,,,0,
46,круг ф 65 ст 40х,,,,,0,
,шестерняМЭМ 100,ст 40х,10,"0,26",,0,
,кольцо центрмрующее,ст 40х,12,"0,3",,0,
,"шестерня МЭМ 100 ф60,8",ст 40х,12,"0,31",,0,
,Шайба прижимная 1600,ст 40х,13,"0,34",,0,
,шестерня МЭМ 100,ст 40х,14,"0,35",,0,
,крышка 5 вала МЭО 4000,ст 40х,16,"0,04",,0,
,крышка МЭОФ 4000,ст 40х,16,"0,4",,0,
,колесо МЭП 25000,ст 40х,20,"0,52",,0,
,муфта 4000.25.025,ст 40х,23,"0,6",,0,
,кольцо на тягу МЭО 4000,ст 40х,23,"0,6",,0,
,колесо МЭП 18000,ст 40х,24,"0,63",,0,
,червяк МЭМ 100,ст 40х,25,"0,67",,0,
,втулка МЭП 18000,ст 40х,26,"0,7",,0,
,муфта МЭП 6300,ст 40х,28,"0,7",,0,
,колесо доп. Вала 16/40,ст 40х,28,"0,7",30,21,
,колесо 16Б05,ст 40х,30,"0,78",,0,
,колесо МЭОФ 1000,ст 40х,30,"0,78",,0,
,втулка на фасонник ДУ 50/ Сателит ПЭМ Б II,ст 45,38,1,,0,
,п/муфта 1 МЭМ 100 ,ст 40х,41,"1,1",,0,
,муфта МЭОФ 250,ст 40х,46,"1,2",,0,
,гайка на прямох 6300,ст 40х,75,2,,0,
,муфта МЭП 6300,ст 40х,78,2,,0,
,муфта ДУ 150 МЭО 630,ст 40х,90,"2,3",,0,
,держатель МЭП 6300,ст 40х,105,"2,7",,0,
,муфта КМЧ ,ст 40х,120,"3,23",,0,
,водило МЭМ 40,ст 40х,175,"4,6",,0,
,вал шестерня 4000.03.01 III вала,ст 40х,212,"5,52",,0,
,I вал 1600.01.01 МЭО фланец,ст 40х,250,"6,5",,0,
,вал I 1600 со шлицами,ст 40х,252,"6,85",,0,
,на лит форму,ст 40х,260,7,,0,
,I вал 1600.01.01,ст 40х,300,"7,8",,0,
,ось на лит. Машину,ст 40х,530,"13,97",,0,
,,,,,,0,
47,круг ф 70 ст 40х,,,,,0,
,шайба прижимная МЭО 630,ст 40х,14,"0,42",,0,
,крышка тормоза 1600; 630/колесо МЭП 6300 ,ст 40х,15,"0,45",,0,
,диск шайба 630 8НПП 186.005/обойма кран КШ50,ст 40х,15,"0,45",,0,
,кольцо центрирующее МЭО 250,ст 40х,15,"0,45",,0,
,обойма КШ 50,ст 40х,20,"0,6",,0,
,шестерня МЭМ 100,ст 40х,20,"0,6",,0,
,шестерня ПЭМ-А,ст 40х,20,"0,63",,0,
,шестерня тормоза МЭОФ 630,ст 40х,22,"0,66",,0,
,диск тормоза 630 8НПП.186.006,ст 40х,25,"0,76",,0,
,колесо МЭП 6300,ст 40х,30,"0,9",,0,
,гайка ПЭМ А,ст 40х,35,"1,1",,0,
,муфта МЭОФ 250,ст 40х,46,"1,4",,0,
,корпус на фланец КШ-50,ст 40х,50,"1,5",,0,
,оправка МЭП 18000,ст 40х,64,"1,9",,0,
,втулка под подшибник ПЭМ А,ст 40х,90,"3,1",,0,
,муфта ДУ 300 МЭО 630,ст 40х,113,"3,4",,0,
,муфта кмч,ст 40х,120,"3,6",,0,
,вал 250,ст 40х,128,"3,93",,0,
,вал планетарки 630,ст 40х,135,"4,5",,0,
,клин на рычаг 4000,ст 40х,145,"4,4",,0,
,вал фланцевый 250 корпус со свастикой,ст 40х,159,"4,78",,0,
,II вал 1600,ст 40х,175,"6,05",,0,
,вал выходной МЭОФ 630 в кор 250,ст 40х,200,6,,0,
,III вал шест МЭО 4000,ст 40х,212,"6,4",,0,
,вал МЭОФ 630 СОЮЗ 01,ст 40х,250,"7,6",,0,
,вал выходной МЭОФ 630 ,ст 40х,250,"7,6",,0,
,вал БЭМБО,ст 40х,282,"8,5",,0,
,на стороний заказ,ст 40х,310,"10,5",,0,
,Стороний заказ,ст 40х,315,"9,5",,0,
,вал ПЭМ БО,ст 40х,317,"9,6",,0,
,вал ПЭБ 5,ст 40х,390,"11,8",,0,
,вал ПЭМ Б5,ст 40х,427,13,,0,
,Стороний заказ,ст 40х,530,"16,2",,0,
,на рычаг  20000,ст 40х,910,"27,95",,0,
,шпиндель на 2Н115,ст 40х,1200,"36,3",,0,
,,,,,,0,
,круг ф 70 ст 40х13,,,,,0,
,коушина на литейку,ст 40х13,80,"2,4",,0,
,ковш,ст 40х13,80,"2,4",,0,
,кольцо на лит.форму,ст 40х13,16,"0,48",,0,
,,,,,,0,
48,круг ф 75 ст 40х,,,,,0,
,шайба прижимная МЭП/ ПЭМ,ст 40х,15,"0,52",,0,
,колесо МЭМ 100,ст 40х,15,"0,52",,0,
,шайба прижимная МЭП 25000,ст 40х,15,"0,56",,0,
,крышка 4 вала 4000,ст 40х,17,"0,6",,0,
,кольцо центрирующее ,ст 40х,20,"0,52",,0,
,крышка подшибника,ст 40х,20,"0,7",,0,
,кольцоо на вал МЭО 630,ст 40х,20,"0,7",,0,
,шестерня эталлон,ст 40х,25,"0,8",,0,
,гайка корпуса МЭП 18000,ст 40х,28,"0,97",,0,
,шестерня ф72 МЭМ 100,ст 40х,28,"0,97",,0,
,колесо вал 2 ПЭМ Б5,ст 40х,30,1,52,52,
,стакан 20000,ст 40х,35,"1,2",,0,
,шестерня ПЭМ В,ст 40х,58,2,,0,
,напрвляющая МЭП 6300,ст 40х,60,"2,1",30,63,
,переходник МЭО 360,ст 40х,100,"3,5",,0,
,муфта Ду 200 МЭО 1600,ст 40х,106,"3,7",,0,
,муфта ДУ 400 МЭО 630,ст 40х,113,4,,0,
,муфта МЭОФ 630,ст 40х,115,"4,5",,0,
,муфта кмч,ст 40х,120,"4,2",,0,
,вал выходной МЭО 250 новый,ст 40х,125,"4,3",,0,
,вал шестерня МЭП 25000,ст 40х,130,"4,5",,0,
,вал МЭОФ 250,ст 40х,158,"5,5",,0,
,II вал 1600.02.01,ст 40х,175,"6,07",,0,
,шток МЭП 25000,ст 40х,207,"7,2",,0,
,вал МЭО 250 на МЭО 630 укр.,ст 40х,230,8,,0,
,вал выходной МЭОФ 630 ,ст 40х,250,"8,6",,0,
,вал МЭМБО,ст 40х,282,"9,8",,0,
,шток лит. Машина,ст 40х,1015,"35,52",,0,
,,,,,,0,
49,круг ф 75 30х13,,,,,0,
,диск на АТЭС ДУ 25,30х13,20,"0,67",,0,
,конфузор на фисанник ДУ 65,30х13,273,"9,5",,0,
,сопло на фисанник ДУ65,30х13,185,"6,4",,0,
,контрогайка на фисанник ДУ 80,30х13,20,"0,7",,0,
,конфузор фиссаник ДУ 80,30х13,20,"0,69",,0,
,,,,,,0,
50,круг ф 80 ст 40х,,,,,0,
,прижимная шайба МЭП  6300,ст 40х,10,"0,4",,0,
,шайба прижимная МЭП \ ПЭМ,ст 40х,16,"0,63",,0,
,колесо зубчатое на шлагбаум,ст 40х,20,"0,8",,0,
,крышка подшипника МЭМ 100,ст 40х,20,"0,8",,0,
,колесо V вала 630,ст 40х,23,"0,9",,0,
,колесо МЭО 250 75х20,ст 40х,23,"0,9",,0,
,колесо МЭО 1600,ст 40х,26,1,,0,
,шестерня МЭМ БО,ст 40х,28,"1,1",,0,
,Шестерня ПЭМ Б ф76,ст 40х,28,"1,1",,0,
,"колесо вал II МЭП, ПЭМ,",ст 40х,30,"1,2",,0,
,направляющий МЭП 25000,ст 40х,30,"1,2",,0,
,муфта 25000,ст 40х,34,"1,4",,0,
,водило на прямоходник МЭМ 100,ст 40х,42,"0,65",,0,
,водило МЭМ 100/ ступица 16/40 1/2бронза,ст 40х,42,"1,65",,0,
,ступицы червячного колеса 16/40,ст 40х,45,"1,85",,0,
,тяга МЭП 6300,ст 40х,55,"2,2",,0,
,оснастка на шлифовку,ст 40х,60,"2,4",,0,
,колесо винт МЭП 500,ст 40х,66,"2,6",,0,
,стакан ручного привода 4000,ст 40х,75,3,,0,
,основание на ЧПУ,ст 40х,80,"3,2",,0,
,направляющая МЭП 500,ст 40х,88,"3,47",,0,
,корпус для накатки,ст 40х,100,4,,0,
,муфта на ДУ 500 МЭО 630,ст 40х,106,"4,2",2,"8,4",
,вал шестернямэп 25000,ст 40х,130,"5,1",,0,
,шток МЭП 25000,ст 40х,157,"6,2",,0,
,противовес на шлагбаум,ст 40х,160,"6,3",,0,
,шток МЭП 18000,ст 40х,220,"8,8",,0,
,шток на литейную машину,ст 40х,348,"13,7",,0,
,,,,,,0,
51,круг ф 80 ст 4х5 МФС,,,,,0,
,втулка на литформу,4х5МФС,140,"5,5",,0,
,,,,,,0,
52,круг ф 80 ст х12ф1,,,,,0,
,втулка на литформу,х12ф1,80,"3,2",,0,
,палец на литформу,х12ф1,160,"6,3",,0,
,,,,,,0,
53,круг ф 80 ст 40х13,,,,,0,
,контрогайка на ДУ 80,40х13,18,"0,7",,0,
,диск фиссаник ДУ 25,40х13,20,"0,8",,0,
,конфузор ДУ80 на фиссоник,40х13,340,"13,4",,0,
,,,,,,0,
54,круг ф 85 ст 40х,,,,,0,
,крышка тормоза 4000 8НПП.310.002,ст 40х,10,"0,45",,0,
,кольцо на тормоз 1600,ст 40х,10,"0,44",,0,
,шайба эксцентрика МЭП 18000,ст 40х,12,"0,53",,0,
,крышка тормоза 1600 8НПП.310.008,ст 40х,15,"0,67",,0,
,ограничитель МЭО 250,ст 40х,15,"0,7",,0,
,прижим МЭП 6300,ст 40х,15,"0,7",,0,
,диск шайба тормоза 1600 8НПП 186.004,ст 40х,18,"0,8",,0,
,шестерня МЭО 630,ст 40х,20,"0,9",,0,
,диск МСП РМ,ст 40х,20,"0,9",,0,
,Червяк ПЭМ Б II,ст 40х,24,1,,0,
,шестерня МЭП 25000,ст 40х,25,"1,1",,0,
,фланец,ст 40х,25,"1,1",,0,
,диск тормоза 1600 8НПП 186.007,ст 40х,26,"1,2",,0,
,муфта мэп 25000,ст 40х,32,"1,4",,0,
,шестерня эталлон,ст 40х,32,"1,4",,0,
,шестерня 80000,ст 40х,35,"1,47",,0,
,втулка на фисанник ДУ 65,ст 40х,38,"1,7",,0,
,ступица червячного колеса 16/40,ст 40х,38,"1,7",,0,
,переходник на стенд,ст 40х,38,"1,7",,0,
,колесо II вала МЭОФ 630,ст 40х,40,"1,8",,0,
,шайба м36 МЭО 4000,ст 40х,40,"1,8",,0,
,корпус МЭП 18000,ст 40х,46,2,,0,
,ступица 16/40 с упорами новая,ст 40х,50,"2,3",,0,
,ступица червячного колеса 16/40 нов 1/2,ст 40х,70,"3,2",,0,
,гайка на подьемник,ст 40х,70,"3,25",,0,
,"корпус на кран шаровой КШ 32 МЭО 6,3",ст 40х,75,"3,3",,0,
,муфта МЭОФ 630,ст 40х,95,"4,2",,0,
,муфта ДУ 500 МЭО 1600,ст 40х,105,"4,7",,0,
,муфта  МЭОФ 630,ст 40х,105,"4,7",,0,
,кмч муфта,ст 40х,115,"4,2",,0,
,муфта КМЧ 1600,ст 40х,115,"4,2",,0,
,муфта  МЭОФ 1600,ст 40х,120,"4,45",,0,
,вал шестерня МЭП 25000,ст 40х,130,"5,8",,0,
,Плунжер на лит.машину 109,ст 40х,170,"7,7",,0,
,2 вал 4000,ст 40х,230,"10,2",,0,
,шток на МЭП 40000,ст 40х,360,"16,6",,0,
,стороний заказ,ст 40х,750,33,,0,
,,,,,,0,
55,круг ф 85 ст 30х13,,,,,0,
,контрогайка на фисанник ДУ100,30х13,18,"0,8",,0,
,конфузор на фисанник ДУ 80,30х13,320,"14,3",,0,
,,,,,,0,
56,круг ф 90 ст 40х,,,,,0,
,кольцо МЭМ 100,ст 40х,10,"0,5",,0,
,держатель МЭП 18000,ст 40х,12,"0,6",,0,
,ограничитель МЭОФ 250,ст 40х,15,"0,75",,0,
,упор МЭО 16/40,ст 40х,15,"0,75",,0,
,шестерня МЭО 1600,ст 40х,15,"1,3",,0,
,кольцо центрирующее,ст 40х,15,"0,75",,0,
,кольцо,ст 40х,16,"0,85",,0,
,диск тормоза 1600,ст 40х,18,"0,75",,0,
,шайба на литейную машину,ст 40х,18,"0,9",,0,
,шайба прижимная МЭП /ПЭМ,ст 40х,20,1,60,60,
,колесо зубчатое МЭП/ ПЭМ,ст 40х,23,"1,3",,0,
,колесо 1600.04.16 ф 85х12,ст 40х,23,"1,15",,0,
,колесо мэп 25000,ст 40х,25,"1,24",,0,
,крышка I вала 4000,ст 40х,25,"0,5",,0,
,колесо опытные,ст 40х,25,"1,24",,0,
,колесо МЭП 6300,ст 40х,25,"1,2",,0,
,диск тормоза 1600,ст 40х,26,"1,3",,0,
,плита кондукторная,ст 40х,28,"1,4",,0,
,ступица планетарки 630 ВЗИС 711.392.001,ст 40х,30,"1,5",,0,
,гайка МЭП 25000,ст 40х,30,"1,5",,0,
,основание МЭМ 100 / диск планетарки 630,ст 40х,36,"1,8",,0,
,ступица 16/40 бронза цельная в 160 исполнении,ст 40х,40,2,,0,
,стороний заказ,ст 40х,40,2,,0,
,шестерня на сторону,ст 40х,46,"2,4",,0,
,муфта ДУ 250 МЭО 630,ст 40х,50,"2,5",,0,
,стороний заказ,ст 40х,50,"2,5",,0,
,тяга МЭП 25000,ст 40х,70,"3,5",40,140,
,втулка на испытательный станок,ст 40х,97,5,,0,
,муфта КМЧ,ст 40х,120,6,,0,
,муфта ДУ250 МЭО 1600,ст 40х,135,2,1,2,
,на лит. Машину,ст 40х,200,8,,0,
,вал шестерня II 4000.02.02,ст 40х,233,"11,6",,0,
,вал I 4000.01.02,ст 40х,400,20,,0,
,стороний заказ,ст 40х,540,"23,5",,0,
,,,,,,0,
57,круг ф 90 ст 40х13,,,,,0,
,диск на фиссаник ДУ 40,40х13,20,"1,1",,0,
,конфузор на фиссаник ДУ 80,40х13,350,"17,5",,0,
,сопло на фиссаник ДУ 80,40х13,150,"7,5",,0,
,к\гайка на фис ДУ 100,ст 40х,18,"0,9",,0,
,,,,,,0,
58,круг ф 95 ст 40х,,,,,0,
,кольцо на тормоз 4000,ст 40х,10,"0,56",,0,
,кольцо центр. на фланец МЭО 250 Союз 01,ст 40х,12,"0,67",,0,
,диск тормоза 1600,ст 40х,18,"1,1",,0,
,колесо МЭО 630 ф 90х15,ст 40х,22,"1,2",,0,
,корпус тормоза ДАУ шлагбаум,ст 40х,28,"1,6",70,112,
,колесо на шлагбаум,ст 40х,30,"1,7",,0,
,корпус тормоза 630,ст 40х,37,"2,1",,0,
,колесо II вала МЭОФ 630-1000,ст 40х,40,"2,23",,0,
,колесо МЭОФ 1000 ,ст 40х,40,"2,25",,0,
,"фланец МЭОФ 6,3",ст 40х,45,"2,5",,0,
,тяга мэп 25000,ст 40х,57,"3,2",,0,
,шестерня ПЭМ В,ст 40х,65,"3,6",,0,
,направляющие МЭП 25000,ст 40х,70,"3,9",,0,
,обойма тормоза 1600,ст 40х,90,5,,0,
,муфта МЭОФ 1600,ст 40х,116,"6,5",,0,
,плунжер,ст 40х,170,"9,6",,0,
,II вал шестерня 4000,ст 40х,233,13,,0,
,II вал 4000,ст 40х,235,"13,1",,0,
,противовес шлагбаум,ст 40х,300,17,,0,
,вал выходной ПЭМ В,ст 40х,425,"23,6",,0,
,шестерня на сторону,ст 40х,730,"4,5",,0,
,,,,,,0,
59,круг ф 100 ст 40х,,,,,0,
,кольцо центрующее СОЮЗ 01 250,ст 40х,12,"0,74",,0,
,прижим МЭП 25000,ст 40х,18,"1,1",30,33,
,ограничитель МЭО 630 8НПП.270.002,ст 40х,23,"1,5",,0,
,шестерня МЭО 1600 ф 97х15,ст 40х,23,"1,4",,0,
,колесо V вала 630,ст 40х,25,"1,5",,0,
,колесо вал шестерня МЭП 25000,ст 40х,25,"1,5",,0,
,колесо 4 вала МЭО 630,ст 40х,25,,,0,
,колесо 1600,ст 40х,25,"1,5",,0,
,колесо на шлагбаум,ст 40х,30,"1,8",,0,
,Колесо IV вала МЭО 20 000,ст 40х,35,"2,2",,0,
,крышка на стенд испытательный,ст 40х,35,"2,2",,0,
,шестерня эталлон,ст 40х,35,"2,2",,0,
,колесо 20000,ст 40х,35,"2,2",,0,
,корпус тормоза 630,ст 40х,37,"2,3",,0,
,опора МЭМ 100,ст 40х,37,3,,0,
,шестерня 4000,ст 40х,38,"2,3",,0,
,втулка на фисонник ДУ 80,ст 40х,40,"2,5",,0,
,колесо ст 67651,ст 40х,41,"3,1",,0,
,корпус тормоза 1600,ст 40х,48,3,,0,
,направляющая штока МЭП 25000,ст 40х,48,3,,0,
,втулка мэп 25000 / Водило ПЭМ Б II,ст 40х,58,"3,6",,0,
,корпус МЭП 6300,ст 40х,63,5,,0,
,колесо зубчатое на ток. Станок,ст 40х,65,"5,3",,0,
,корпус МЭП 6300,ст 40х,66,4,,0,
,обойма тормоза МЭО 630,ст 40х,88,"5,4",,0,
,стержень на литформу,ст 40х,95,"5,8",,0,
,муфта МЭОФ 1600,ст 40х,110,"6,8",,0,
,Муфта 1600,ст 40х,123,"7,7",,0,
,фланец 4000,ст 40х,123,"1,5",,0,
,муфта ,ст 40х,175,11,,0,
,шток на лит. Машину,ст 40х,220,"16,7",,0,
,противовес на шлагбаум,ст 40х,300,18,,0,
,стороний заказ,ст 40х,850,54,,0,
,,,,,,0,
60,круг ф 110 ст 40х,,,,,0,
,диск тормозной МЭП 18000,ст 40х,12,"0,9",,0,
,крышка I вала 4000,ст 40х,12,"0,9",,0,
,фланец МЭОФ 16/40/ шайба 10000,ст 40х,16,"1,2",,0,
,плита МЭМ 100,ст 40х,16,"1,2",,0,
,фланец МЭП 6300,ст 40х,17,"1,3",,0,
,крышка 3 вала 4000,ст 40х,18,"1,3",,0,
,кольцо запорное,ст 40х,20,"1,5",,0,
,обойма КШ 80,ст 40х,20,"1,5",,0,
,колесо МЭО 1600 ф107,ст 40х,23,"1,71",,0,
,ограничитель 630,ст 40х,23,"1,7",,0,
,колесо мэо 630 ф106,ст 40х,23,"1,8",,0,
,фланец МЭОФ 16/40,ст 40х,25,"1,9",,0,
,корпус тормоза с ДСР 135,ст 40х,27,"1,6",,0,
,шайба прижима КШ 50,ст 40х,27,2,,0,
,колесо ручного привода МЭОФ 250,ст 40х,30,"2,2",,0,
,ступица планетарки 1600,ст 40х,30,"2,2",,0,
,корпус подшипника,ст 40х,40,3,,0,
,кольцо МЭМ 100,ст 40х,40,3,,0,
,на стороний заказ,ст 40х,42,"3,3",,0,
,корпус тормоза 1600 8НПП.005.006 ,ст 40х,45,"3,4",,0,
,на стороний заказ,ст 40х,45,"3,5",,0,
,стороний заказ,ст 40х,70,"5,2",,0,
,шкиф,ст 40х,88,"6,6",,0,
,труба фланец ДУ 600 МЭОФ 1600,ст 40х,120,9,,0,
,на стороний заказ,ст 40х,120,9,,0,
,муфта КМЧ,ст 40х,185,"13,9",,0,
,приспособение для корпуса ПЭМ-В,ст 40х,250,19,,0,
,на стороний заказ,ст 40х,400,30,,0,
,,,,,,0,
61,круг ф 110 ст 20х13,,,,,0,
,конфузор на ДУ100,20х13,370,"27,6",,0,
,сопло на фисанник ДУ100,20х13,246,"18,4",,0,
,диск на фисанник ДУ40,20х13,20,"1,5",,0,
,диск на фисанник ДУ50,20х13,20,"1,5",,0,
,,,,,,0,
62,круг ф 120 ст 40х,,,,,0,
,крышка МЭМ 100,ст 40х,12,"1,1",,0,
,кольцо МЭО 250 взрыв,ст 40х,20,"2,7",,0,
,на стороний заказ,ст 40х,20,"1,8",,0,
,ограничитель МЭОФ 630,ст 40х,23,2,,0,
,фланец на лит форму,ст 40х,23,2,,0,
,прижим,ст 40х,24,"2,1",,0,
,крышка ll вала 4000,ст 40х,30,"2,7",,0,
,контр приспособление,ст 40х,36,"3,2",,0,
,приспособление для МЭП6300,ст 40х,36,"3,2",,0,
,втулка на фиссоник ДУ 100,ст 40х,40,"3,5",,0,
,втулка на корпус 1600,ст 40х,40,"5,4",,0,
,кабельный вывод 4000,ст 40х,42,"3,7",,0,
,Планетарка 630,ст 40х,47,"4,3",,0,
,фланец  ДУ 100 МЭО 250,ст 40х,55,"4,9",,0,
,черв колесо МЭП 100,ст 40х,56,5,,0,
,стакан (корпус тормоза) 10.000 84   4000,ст 40х,58,"5,15",,0,
,колесо МЭОФ 1000,ст 40х,60,"5,5",,0,
,гайка на литейную машину,ст 40х,80,"10,8",,0,
,плунжер на лит.машину,ст 40х,85,"7,5",,0,
,оправка на термичку,ст 40х,110,10,,0,
,стакан для фрезерного станка,ст 40х,115,"10,5",,0,
,муфта МЭОФ 4000,ст 40х,178,16,,0,
,втулка на шлагбаум,ст 40х,280,25,,0,
,шестерня на сторону,ст 40х,300,27,,0,
,I вал 4000,ст 40х,485,43,,0,
,вал на сторону,ст 40х,500,"44,4",,0,
,,,,,,0,
63,круг ф 120 ст 20,,,,,0,
,крышка III вала 4000,ст 20,18,"1,6",,0,
,фланец на фисанник ДУ 25,ст 20,25,"2,22",,0,
,крышка 2 вала 4000,ст 20,34,3,,0,
,крышка II вала 4000,ст 20,34,3,,0,
,кабельный вывод 4000,ст 20,37,"3,3",,0,
,корпус крап шаровой КШ 80,ст 20,38,6,,0,
,стакан тормоза 4000,ст 20,58,"5,1",,0,
,фланец ДУ 200 МЭО 250,ст 20,79,"6,7",,0,
,крышка на фиссаник ДУ 50,ст 20,96,"8,5",,0,
,кронштейн МЭО 4000,ст 20,115,"10,2",2,"20,4",
,фланец на заказ 397,ст 20,130,12,,0,
,,,,,,0,
64,круг ф 125 ст 40х,,,,,0,
,колесо ф121 МЭО 250,ст 40х,30,"2,9",,0,
,колесо 5 вала 4000,ст 40х,45,"1,93",,0,
,фланец ДУ 150 МЭО 250,ст 40х,70,"6,7",,0,
,,,,,,0,
65,круг ф 130 ст 40х,,,,,0,
,фланец МЭП 18000,ст 40х,15,15,,0,
,кабельный вывод 630,ст 40х,15,4,,0,
,ограничитель МЭОФ 1600,ст 40х,20,"2,1",,0,
,диск на оправку,ст 40х,20,"2,1",,0,
,колесо 127 МЭО 250,ст 40х,30,"3,1",,0,
,приспособление ,ст 40х,30,"3,5",,0,
,фланец/ ограничитель,ст 40х,30,"3,5",,0,
,"колесо ф120,62",ст 40х,32,"3,5",,0,
,фланец ДУ 80 МЭОФ 250,ст 40х,35,"3,6",,0,
,фланец ПЭМ А,ст 40х,38,"4,1",,0,
,втулка на фисанник ДУ 100,ст 40х,40,"4,2",,0,
,фланец МЭОФ 250,ст 40х,40,"4,2",,0,
,фланец МЭО 250 СОЮЗ 01,ст 40х,43,"4,48",,0,
,фланец 250,ст 40х,44,"4,5",,0,
,двойной блок МЭО 630,ст 40х,48,5,,0,
,колесо МЭП 25000,ст 40х,50,"5,2",,0,
,фланец КШТВГ ДУ 40,ст 40х,55,"5,7",,0,
,переходник ДУ 100 МЭО 250,ст 40х,66,"6,9",,0,
,фланец МЭП 18000,ст 40х,69,"7,2",,0,
,фланец ДУ 150 МЭО 16/40,ст 40х,70,"7,3",,0,
,кулачок на стенд,ст 40х,70,"7,3",,0,
,муфта на стенд,ст 40х,85,"8,8",,0,
,фланец ДУ 250 МЭОФ 250,ст 40х,90,"9,4",,0,
,корпусМЭП 18000,ст 40х,90,"9,4",,0,
,фланец МЭОФ 630 ДУ 300,ст 40х,96,10,,0,
,шестерня на сторону,ст 40х,96,10,,0,
,шестерня на станок 16к20(сорокин),ст 40х,98,"10,2",,0,
,фланец ПЭМ Б,ст 40х,98,"10,2",,0,
,тяга 10000,ст 40х,115,"11,9",,0,
,на штамп,ст 40х,170,"13,9",,0,
,муфта МЭОФ 10000,ст 40х,250,"26,1",,0,
,I вал 20000,ст 40х,530,"54,6",,0,
,,,,,,0,
66,круг ф 130 4х5 МФС,,,,,0,
,втулка на литформу,4х5 мфс,28,3,,0,
,диск на литформу,4х5 мфс,63,"6,6",,0,
,,,,,,0,
67,круг ф 140 ст 40х,,,,,0,
,фланец МЭП 25000,ст 40х,17,"2,05",,0,
,шайба прижимная кш 80,ст 40х,20,"2,4",,0,
,фланец МЭП 6300,ст 40х,30,"3,1",,0,
,фланец МЭП 25000,ст 40х,35,"4,2",,0,
,венец МЭО 630 в корп 250,ст 40х,40,"4,8",,0,
,фланец МЭОФ 1000,ст 40х,40,"4,8",,0,
,планетарка 4000,ст 40х,46,"5,6",,0,
,планетарка 1600,ст 40х,46,"5,6",,0,
,колесо II вала 630,ст 40х,50,"6,1",,0,
,колесо мэп 25000,ст 40х,54,"6,5",40,260,
,колесо 129 новое,ст 40х,55,"6,5",40,260,
,2-ой блок 20000,ст 40х,55,"6,5",,0,
,кольцо разрезное,ст 40х,60,"7,2",,0,
,ступица венца чер. шесп. 250….20-02,ст 40х,70,"8,5",,0,
,фланец МЭОФ 1000,ст 40х,76,"9,2",,0,
,на штамп,ст 40х,90,11,,0,
,корпус МЭП 25000,ст 40х,100,"12,2",,0,
,муфта МЭОФ 10000,ст 40х,140,17,,0,
,стакан лит. Машина,ст 40х,390,"47,7",,0,
,I вал 20000,ст 40х,520,"62,5",,0,
,,,,,,0,
68,круг ф 130 ст х12ф1,,,,,0,
,диск на литформу,ст х12ф1,78,"8,1",,0,
,,,,,,0,
69,круг ф 140 ст 30х13,,,,,0,
,диск фисонник ДУ 65,30х13,25,3,,0,
,диск фисонник ДУ 80,30х13,24,3,,0,
,втулка на лит.форму,30х14,65,"7,9",,0,
,затвор на зак. №397,30х13,118,"14,3",,0,
,,,,,,0,
70,круг ф 150 ст 20,,,,,0,
,фланец МЭОФ 250,ст 20,5,"2,5",,0,
,фланец МЭОФ 250,ст 20,12,"3,9",,0,
,крышка 1 вала 4001,ст 21,20,"4,2",,0,
,фланец на фиссоник ДУ 40\фланец КМЧ,ст 20,30,"4,2",,0,
,крышка 1 вала 4000,ст 20,35,"4,9",,0,
,фланец КМЧ,ст 20,35,"4,9",,0,
,шкиф для арганной св,ст 20,38,"5,3",,0,
,фланец ПЭМБ2,ст 20,46,"6,4",,0,
,фланец кш 50,ст 20,56,"7,8",,0,
,фланец МЭМБО ,ст 20,65,9,30,270,
,муфта ПЭМБ/муфта КМЧ,ст 20,95,13,,0,
,переходник МЭОФ 630/тяга МЭП 10000,ст 20,115,16,,0,
,втулка на фланец МЭОФ 4000,ст 20,125,"17,3",,0,
,втулка на шлагбаум,ст 20,160,"22,2",,0,
,,,,,,0,
71,круг ф 160 ст 40х,,,,,0,
,фланец 630 в корпусе 250,ст 40х,20,"3,2",30,96,
,фланец ДУ 400,ст 40х,30,"4,8",,0,
,фланец  ПМБ,ст 40х,32,5,,0,
,огранечитель 4000,ст 40х,33,"5,4",,0,
,фланец ДУ 200 мэо 250/ограничитель МЭОФ4000,ст 40х,35,"5,5",30,165,
,диск 630 ,ст 40х,40,"6,4",,0,
,крышка МСП РБ,ст 40х,40,"6,3",,0,
,на форму,ст 40х,40,"6,4",,0,
,фланец 630,ст 40х,45,"7,4",,0,
,двойной блок 8000/10000,ст 40х,50,8,,0,
,Колесо 630,ст 40х,50,8,,0,
,кольцо разрезное,ст 40х,50,8,,0,
,фланец на кран шаров.КШТВ 16/25,ст 40х,56,"8,8",,0,
,колесо выходной ПЭМ В,ст 40х,57,9,,0,
,на лит.форму,ст 40х,60,"9,5",,0,
,фланец ,ст 40х,60,"9,5",,0,
,фланец ДУ 50 СОЮЗ 01,ст 40х,90,"14,2",,0,
,фланецна затвор ДУ 400 МЭО 630,ст 40х,112,18,,0,
,фланец 630,ст 40х,115,18,,0,
,переходник ДУ 200 МЭО 630,ст 40х,115,"18,2",,0,
,стороний заказ,ст 40х,120,19,,0,
,переходник МЭМ 16/40,ст 40х,175,"27,6",,0,
,,,,,,0,
72,круг ф 160 ст 4х 5мфс (4х3 М2ВФГС),,,,,0,
,корпус на литформу,ст 4х5мфс,30,5,,0,
,,,,,,0,
73,круг ф 160 ст 40х13,,,,,0,
,диск на фисанник ДУ 100,40х13,22,"3,4",,0,
,диск на АТЭС ДУ 100,40х13,23,"3,6",,0,
,диск на фисанник ДУ 65,40х13,25,"3,9",,0,
,на лит. форму втулку,40х14,40,"6,3",,0,
,на форму,40х13,40,"6,3",,0,
,,,,,,0,
74,круг ф 170 ст 20,,,,,0,
,плита кондукторная,ст 20,20,4,,0,
,плита переходная ПЭМБ,ст 20,21,4,,0,
,фланец МЭМ БО/фланец МЭОФ 1600,ст 20,28,5,50,250,
,фланец на фиссаник ДУ 50,ст 20,30,"5,35",,0,
,фланец ДУ 400\ МЭО 1600,ст 20,34,"6,1",,0,
,фланец 1600,ст 20,34,"6,8",,0,
,фланец КМЧ ПЭМ А,ст 20,50,10,,0,
,Крышка I вала 20000,ст 20,56,10,,0,
,фланец КШ 50,ст 20,66,"11,8",,0,
,фланец МЭОФ 16/40,ст 20,70,"12,5",,0,
,втулка для испытания,ст 20,110,"19,6",,0,
,фланец ДУ 1150 МЭОФ 150,ст 20,120,"21,4",,0,
,,,,,,0,
75,круг ф 180 ст 40х,,,,,0,
,корпус опора МЭП 25000,ст 40х,27,"5,4",,0,
,фильтр заказ №483,ст 40х,30,6,,0,
,фланец 1600,ст 40х,35,7,,0,
,шестерня на сторону,ст 40х,36,"7,2",,0,
,на литформу/ фланец 1600,ст 40х,36,"7,2",,0,
,упор МЭО 630 в 250 корпусе,ст 40х,40,8,,0,
,фланец кмч,ст 40х,60,12,,0,
,корпус тормаза на стенд,ст 40х,85,17,,0,
,фланец  МЭОФ 630,ст 40х,95,19,,0,
,фланец  МЭОФ 630,ст 40х,100,20,,0,
,фланец ДУ 30 МЭОФ 630,ст 40х,102,"20,4",,0,
,фланец 1600 ДУ 500,ст 40х,105,21,,0,
,кмч фланец,ст 40х,105,21,,0,
,фланец ДУ 150 МЭОФ 630,ст 40х,120,24,,0,
,фланец кмч,ст 40х,140,28,,0,
,стакан на литейную машину,ст 40х,380,76,,0,
,,,,,,0,
76,круг ф 200 ст 40х,,,,,0,
,венец 1600,ст 40х,31,"7,7",,0,
,фланец на затвор КШ ДУ 65,ст 40х,35,"8,6",,0,
,фланец мэп 18000\1600 / венец 1600,ст 40х,35,"8,6",,0,
, на литформу,ст 40х,45,"11,1",,0,
,упор 630 в 250 корпусе,ст 40х,47,12,,0,
,колесо 630,ст 40х,55,"13,6",,0,
,фланец МЭОФ 630,ст 40х,102,"25,2",2,"50,4",
,фланец МЭОФ 1600 ДУ 500,ст 40х,110,"27,1",,0,
,стакан на лит. Машину 109,ст 40х,370,"94,5",,0,
,,,,,,0,
77,круг ф 200 ст 4х5фс (6х6 В3МФС),,,,,0,
,диск на литформу,ст 4х5фс,55,"13,6",,0,
,втулка на литформу,ст 4х5фс,47,"11,47",,0,
,,,,,,0,
78,круг ф 200 ст х12мф,,,,,0,
,,,,,,0,
79,круг ф 200 ст 20,,,,,0,
,фланец кш 80,ст 20,25,"6,2",,0,
,фланец мэп 18000,ст 20,30,"7,4",,0,
,фланец МЭП 25000,ст 20,30,"7,4",,0,
,фланец на фисанник ДУ 80,ст 20,33,"8,1",,0,
,фланец кш 80/ кмч,ст 20,35,"8,63",,0,
,фланец на МЭОФ1600,ст 20,44,11,30,330,
,фланец 1600,ст 20,50,"12,5",,0,
,фланец на ДУ 400 МЭО 630,ст 20,102,25,,0,
,,,,,,0,
80,круг ф 220 ст х12мф,,,,,0,
,диск на литформу,ст х12мф,82,"24,5",,0,
,,,,,,0,
81,круг ф 250 ст 40х,,,,,0,
,переходник на стенд,ст 40х,25,"9,6",,0,
,фланец на 4000,ст 40х,30,"11,6",,0,
,на стенд,ст 40х,30,"11,6",,0,
,фланец ДУ 100 МЭО 250,ст 40х,35,"13,5",,0,
,фланец МЭОФ 1600,ст 40х,42,"16,2",,0,
,упор 630,ст 40х,45,"17,3",,0,
,венец упора 4000,ст 40х,50,"19,8",,0,
,фланец ,ст 40х,50,"19,3",,0,
,фланец ПЭМВ,ст 40х,56,"21,6",,0,
,на стенд,ст 40х,65,25,,0,
,изложница,ст 40х,70,27,,0,
,фланец ДУ 600 МЭОФ 1600,ст 40х,120,46,,0,
,втулка на испытат. Стенд,ст 40х,125,48,,0,
,,,,,,0,
82,круг ф 250 ст 20,,,,,0,
,на стенд,ст 20,25,"9,6",,0,
,фланец на фисанник ДУ 100,ст 20,35,"13,5",,0,
,на 8000,ст 20,40,"15,4",,0,
,фланец 1600/4000,ст 20,50,19,,0,
,фланец КМЧ,ст 20,50,"19,3",,0,
,фланец,ст 20,90,35,,0,
,втулка на стенд испытательный,ст 20,104,40,,0,
,,,,,,0,
83,S=36,,,,,0,
,болты на литформу,ст 45,130,"1,1",,0,
,ось на планетарку,ст 45,200,"1,8",,0,
,,,,,,0,
84,S=32,,,,,0,
,штуцер на стенд испытательный,ст 20,80,"0,56",,0,
,болт на затвор ДУ 600 МЭО 4000,ст 35,116,"0,81",,0,
,болты на литформу,ст 35,200,"1,4",,0,
,болт на стенд испытательный,ст 20,200,"1,4",,0,
,,,,,,0,
85,S=27 ст 35,,,,,0,
,фиксатор МЭО 4000,ст 35,30,"0,15",,0,
,муфта соеденительная на шлагбаум,ст 35,42,"0,22",,0,
,болты на ДУ 400 МЭО 1600,ст 35,88,"0,44",,0,
,на участок штампов,ст 35,500,"2,5",,0,
,,,,,,0,
86,S=24,,,,,0,
,гайка на литейную машину,ст 45,46,"0,18",,0,
,болт на литформы,ст 45,70,"0,28",,0,
,болт ДУ 500 МЭОФ 1600,ст 45,78,"0,31",,0,
,штуцер,ст 45,90,"0,36",,0,
,болт на литформы,ст 45,120,"0,47",,0,
,болт на литформы,ст 45,190,"0,75",,0,
,,,,,,0,
87,S=22,,,,,0,
,фиксатор 630 1600,ст 45,16,"0,05",,0,
,"гайка бронешланга МЭО 4000, 1600",ст 45,25,"0,08",,0,
,пробка МСП РМ,ст 45,60,"0,17",,0,
,болт на МЭОФ 630,ст 45,105,"0,35",,0,
,болт на литформу,ст 45,220,"0,72",,0,
,,,,,,0,
88,S=19,,,,,0,
,фиксатор на венец 630 в корпус 250,ст 45,15,"0,037",,0,
,болт МЭП 18000,ст 45,38,"0,09",,0,
,болт МЭОФ 250 ДУ 300,ст 45,78,"0,2",,0,
,болт на затвор ДУ 250 МЭО 630,ст 45,85,"0,21",,0,
,болты ,ст 45,180,"0,441",,0,
,болты на литейную машину,ст 45,200,"0,49",,0,
,,,,,,0,
89,S=17     латунь,,,,,0,
,втулки на корпус датчиков/новый,латунь,22,"0,043",,0,
,втулка на датчик основание,латунь,22,"0,04",,0,
,арматура на датчик,латунь,24,"0,046",,0,
,втулка на основ датчика нов,латунь,28,"0,055",,0,
,арматура на датчик,латунь,30,"0,059",,0,
,болт на шлагбаум,латунь,125,"0,25",,0,
,на самолет,латунь,200,"0,42",,0,
,,,,,,0,
90,S=17 ,,,,,0,
,гайки на вал датчика МЭМ 100,ст 45,15,"0,03",,0,
,гайка на каб. вывод  ФЦ,ст 45,25,"0,05",,0,
,болты на литформу,ст 45,150,"0,3",,0,
,,,,,,0,
91,S=10,,,,,0,
,винт мэоф 16-250,ст 45,23,"0,016",,0,
,винт МЭОФ 15,ст 45,26,"0,018",,0,
,винт БКВ 8НПП 907,ст 45,35,"0,024",,0,
,"винт на МЭО 6,3",ст 45,45,"0,03",,0,
,винт упор на датчик,ст 45,60,"0,04",,0,
,,,,,,0,
92,труба ф 114х8 ст 20,,,,,0,
,статор ДСР 110,ст 20,45,"0,831",,0,
,статор ДСР 110,ст 20,53,"1,1",,0,
,статор ДСР 110 эксперементальный,ст 20,80,"1,6",,0,
,на КМЧ,ст 20,140,"2,96",,0,
,штуцер на АТЭС ДУ 100,ст 20,163,"3,4",,0,
,труба на АТЭС ДУ 100,ст 20,330,"6,9",,0,
,,,,,,0,
93,труба ф 16х2,,,,,0,
,втулка средняя на датчик МЭОФ 32.02.05,ст 20,13,"0,0089",,0,
,втулка 630 L=5,ст 20,15,"0,01",,0,
,втулка на руч.прив. 1600.630.06.01;07.007м ,ст 20,18,"0,0092",,0,
,втулка на Vвал 630,ст 20,26,"0,03",,0,
,втулка МЭП\ПЭМ,ст 20,35,"0,04",,0,
,,,,,,0,
94,труба ф 140х8,,,,,0,
,статор ДСР 135,ст 20,46,"1,33",,0,
,статор ДСР 135,ст 20,65,"2,328",,0,
,"статор ДСР 135 6,4",ст 20,105,"3,36",,0,
,,,,,,0,
,,,,,,0,
,труба ф 140х9,,,,,0,
,статор ДСР 135,ст 20,46,"1,43",,0,
,статор ДСР 135,ст 20,65,"2,41",,0,
,"статор ДСР 135 6,4",ст 20,105,"3,44",,0,
,,,,,,0,
,труба ф 140х25,,,,,0,
,Планетарка ПЭМ Б,ст 40Х,72,"5,2",5,26,
,,,,,,0,
95,труба ф 89х8 ст 20,,,,,0,
,фланец ПЭМ-В,ст 20,10,"0,16",,0,
,корпус мэп 18000,ст 20,72,"1,1",,0,
,труба КШ-50 корпус,ст 20,85,"1,4",,0,
,кожух МЭП 25000,ст 20,88,"1,6",,0,
,втулка распорная,ст 20,90,"1,5",,0,
,корпус 25000,ст 20,142,"2,3",,0,
,штуцер на фиссаник ДУ 80,ст 20,150,"2,4",,0,
,кожух 16/40 взрыв,ст 20,160,"2,5",,0,
,кожух МЭП 8000,ст 20,212,"3,4",,0,
,труба на фиссаник ДУ 80,ст 20,300,"4,78",,0,
,кожух МЭП 40000,ст 20,300,"4,78",,0,
,,,,,,0,
96,труба ф 57х7,,,,,0,
,штуцер на фиссаник ДУ 50,ст 20,135,"1,1",,0,
,труба на фиссаник ДУ 50,ст 20,150,"1,3",,0,
,труба на фиссаник ДУ 50,ст 20,254,"2,2",,0,
,,,,,,0,
97,квадрат 18х18,,,,,0,
,шпонка II вала 4000,ст 3,70,"0,18",,0,
,шпонка на I вал 1600,ст 3,105,"0,27",,0,
,,,,,,0,
98,квадрат 14х14,,,,,0,
,шпонка ПЭМ-В,ст 3,50,"0,08",,0,
,шпонка I вала 630,ст 3,45,"0,07",,0,
,шпонка II вала 1600,ст 3,45,"0,07",,0,
,,,,,,0,
99,квадрат 16х16,,,,,0,
,державка резцы,ст 3,75,"0,15",,0,
,шпонка ,ст 3,95,"0,19",,0,
,шпонка на МЭО 1600,ст 3,105,"0,2",,0,
,стойка на сигнальную лампу шлагбаум,ст 3,800,"1,6",,0,
,,,,,,0,
100,лист G=1 ст 65г,,,,,0,
,пружина поджима КШ 80,ст 65г,135х135,"0,143",20,"2,86",
,фиксатор упора МЭО 250,ст 65г,18х23,"0,0032",,0,
,кольцо стопорное 20х20 630 план.,ст 65г,20х20,"0,003",,0,
,кольцо стопорное МЭО 630,ст 65г,25х25,"0,005",,0,
,кольцо стопорное МЭП,ст 65г,25х25,"0,005",,0,
,пружина на тормоз ст 16К20,ст 65г,25х600,"0,118",,0,
,стопорное кольцо МЭМ 100,ст 65г,28х28,"0,0062",,0,
,стопорное кольцо 1600,ст 65г,30х30,"0,007",,0,
,кольцо стопорное 630,ст 65г,35х35,"0,0096",,0,
,кольцо стопорное ф 32 МЭО 250 и МЭП,ст 65г,35х35,"0,009",,0,
,кольцо стопорное МЭО 250 и 16/40,ст 65г,40х40,"0,013",,0,
,кольцо стопорное МЭО 630 ф 40,ст 65г,45х45,"0,016",,0,
,кольцо стопорное кожух датчика,ст 65г,47х47,"0,017",,0,
,стопорное кольцо 1600,ст 65г,54х54,"0,023",,0,
,пружина поджима КШ 50,ст 65г,88х88,"0,034",200,"6,8",
,,,,,,0,
101,лист G=3 ст 08ПС,,,,,0,
,шпонка н штурвал 16\40,ст 08 П,37х11,"0,0096",,0,
,шестерня МЭМ 100,ст 08 П,35х35,"0,03",,0,
,кулачки на датчик,ст 08 П,43х43,"0,042",,0,
,шайба токового датчика,ст 08 П,43х43,"0,042",,0,
,шайба ток-в датчика,ст 08 П,,"0,042",,0,
,кольцо на крышку ДСР 110,ст 08 П,20х110,"0,052",,0,
,серьги на МЭП 18000,ст 08 П,35х63,"0,052",,0,
,арматура на плиту ПЭМ Б/МЭП,ст 08 П,18х150,"0,07",,0,
,кольцо на крышку ДСР 135,ст 08 П,130х25,"0,078",,0,
,арматура на корпус ПЭМ Б/МЭП,ст 08 П,20х165,"0,08",,0,
,крышка кабельного вывода 250,ст 08 П,38х118,"0,105",,0,
,крышка кабельного вывода 16/40,ст 08 П,38х118,"0,105",,0,
,арматура на корпус ПЭМ А,ст 08 П,35х120,"0,11",,0,
,шестерня МЭМ 100,ст 08 П,77х77,"0,14",,0,
,крышка тормоза 630,ст 08 П,77х77,"0,14",,0,
,шестерня МЭМ 100,ст 08 П,80х80,"0,15",,0,
,арматура на корпус ПЭМ А,ст 08 П,45х145,"0,16",,0,
,основание на БЭЗ,ст 08 П,85х85,"0,17",,0,
,держатель на шлагбаум,ст 08 П,26х310,"0,2",,0,
,кольцо на тормоз 4000,ст 08 П,98х98,"0,23",,0,
,спец ключ для крышки взрыв,ст 08 П,75х145,"0,256",,0,
,кольцо регулир 4000 I вала,ст 08 П,150х150,"0,53",,0,
,планка на ст СНТ 3,ст 08 П,150х200,"0,7",,0,
,коробка шлагбаум,ст 08 П,350х350,"2,9",,0,
,на ящик шлакбаума,ст 08 П,420х510,"5,05",,0,
,ящик шлагбаума,ст 08 П,450х450,"5,3",,0,
,шестерня на датчик,ст 08 П,40х40,460,,0,
,,,,,,0,
,основание на шлакбаум,ст 08 П,310х410,3,,0,
, на шлакбаум,ст 08 П,200х200,"0,94",,0,
,,,,,,0,
102,лист G=3 ст 65г,,,,,0,
,диск тормоза МЭО 250,ст 65г,75х75,"0,13",,0,
,диск тормоза МЭО 1600,ст 65г,90х90,"0,19",,0,
,диск планетарки 630,ст 65г,97х97,"0,222",,0,
,кольцо МЭП 25000,ст 65г,100х100,"0,24",,0,
,фиксатор на планетарку 1600,ст 65г,110х110,"0,285",,0,
,диск тормоза 4000,ст 65г,110х110,"0,285",,0,
,диск на фрикцеон 1 к 62,ст 65г,115х115,"0,311",140,"43,54",
,кольцо МЭП 25000,ст 65г,120х120,"0,34",40,"13,6",
,,,,,,0,
103,S=6 ст 20,,,,,0,
,упор на датчик взрывозащ,ст 20,22,"0,0053",,0,
,,,,,,0,
104,труба ф 76х8,,,,,0,
,корпус статора ДСР 70,ст 20,38,"0,52",,0,
,корпус статора ДСР 70,ст 20,52,"0,71",,0,
,штуцер на фисанник ДУ65,ст 20,135,"1,8",,0,
,приспособление МЭМ 100,ст 20,215,3,,0,
,труба на фисанник ДУ65,ст 20,280,"3,8",,0,
,держатель на шлагбаум,ст 20,310,"4,2",15,63,
,,,,,,0,
105,"лист G=0,8 ст 12х18Н10Т",,,,,0,
,шайба стопорная фисанник ДУ 25,12х18Н10Т,90х90,"0,05",,0,
,шайба стопорная фисанник ДУ 40,12х18Н10Т,90х90,"0,05",,0,
,шайба стопорная АТЭС ДУ 50,12х18Н10Т,90х90,"0,05",,0,
,шайба стопорная фисанник ДУ 65,12х18Н10Т,120х120,"0,09",,0,
,шайба стопорная фиссаник ДУ 80,12х18Н10Т,120х120,"0,09",,0,
,шайба стоопорная АТЭС ДУ 100,12х18Н10Т,120х120,"0,09",,0,
,,,,,,0,
106,"лист G=1,5 ст 3",,,,,0,
,кронштейн на фисанник ДУ 25,ст 3,65х85,"0,16",,0,
,кронштейн на АТЭС ДУ 50,ст 3,100х100,"0,12",,0,
,,,,,,0,
107,"лист G=0,5 Л63     латунь",,,,,0,
,щайба на контактная на заг на взрыв корпус,Л63,15х25,"0,0015",,0,
,прокладка регулруемая ДУ 25,Л63,75х75,"0,032",,0,
,прокладка регулруемая ДУ 40,Л63,90х90,"0,032",,0,
,прокладка на АТЭС ДУ 50,Л63,90х90,"0,032",,0,
,прокладка регулиремая Ду65,Л63,120х120,"0,056",,0,
,прокладка АТЭС ДУ 100,Л63,120х120,"0,056",,0,
,прокладка на фиссаник ДУ 80,Л63,120х120,"0,056",,0,
,,,,,,0,
108,"лист G=2,5       алюминий",,,,,0,
,ромбик на датчик,алюминий,27х27,"0,0032",,0,
,,,,,,0,
109,лист G=2 ст 08ПС,,,,,0,
,указатель МЭМ 100,ст 08ПС,35х65,"0,012",,0,
,пластина фц,ст 08ПС,30х35,"0,02",,0,
,ушко МЭП 25000,ст 08ПС,97х37,"0,036",,0,
,ключ датчика,ст 08ПС,97х37,"0,036",,0,
,планка на шлакбаум,ст 08ПС,35х70,"0,04",,0,
,"диск БКВ 6,3",ст 08ПС,50х55,"0,043",,0,
,основание датчика взрыв нов,ст 08ПС,30х94,"0,044",,0,
,"скоба МЭП 6,3",ст 08ПС,40х7,"0,047",,0,
,скоба шкип МЭП 25000,ст 08ПС,40х80,"0,05",,0,
,колесо датчика,ст 08ПС,97х37,"0,056",,0,
,скоба МЭП 25000,ст 08ПС,30х120,"0,06",,0,
,"крышка кабельного вывода взрыв 6,3",ст 08ПС,36х110,"0,062",,0,
,крышка кабельного вывода взрыв 16/40,ст 08ПС,36х110,"0,062",,0,
,гребенки на датчик,ст 08ПС,52х80,"0,065",,0,
,ручка штурвала,ст 08ПС,30х140,"0,066",,0,
,крышка кабельного вывода взрыв,ст 08ПС,38х118,"0,072",,0,
,планка МЭМ 100,ст 08ПС,75х75,"0,088",,0,
,щека МЭМ 100,ст 08ПС,85х85,"0,11",,0,
,на шлакбаум,ст 08ПС,110х110,"0,119",,0,
,рычаг МЭМ 100,ст 08ПС,105х75,"0,13",,0,
,основание нижнее на датчик взрыв,ст 08ПС,98х98,"0,151",,0,
,спец ключ датчика взрыв,ст 08ПС,140х75,"0,16",,0,
,крышка рычага 4000,ст 08ПС,110х110,"0,19",,0,
,пластина на шлагбаум,ст 08ПС,130х130,"0,27",,0,
,кольцо регул 4000,ст 08ПС,145х145,"0,33",,0,
,на шлакбаум,ст 08ПС,360х410,"2,3",,0,
,емкость строителям,ст 08ПС,400х400,"2,5",,0,
,крышка корпуса шлагбаум,ст 08ПС,510х460,"3,7",,0,
,на литейку,ст 08ПС,450х750,"5,3",,0,
,на литформу,ст 08ПС,1250х1250,"24,5",,0,
,лист строителям,ст 08ПС,1250х2500,50,,0,
,,,,,,0,
110,лист G=8 ст 3,,,,,0,
,ограничитель МЭОФ 250,ст 45,110х110,"0,76",,0,
,основание РМ 0001,ст 3,120х185,"1,4",,0,
,кронштейн РМ 0002,ст 3,140х200,"1,8",,0,
,,,,,,0,
111,квадрат 8х8,,,,,0,
,шпонка на фланец 250,ст 45,20,"0,01",,0,
,шпонка на МЭП 18000,ст 45,35,"0,018",,0,
,шпонка МЭП 25000,ст 45,39,"0,02",,0,
,шпонка на 250,ст 45,55,"0,028",520,"14,56",
,направляющая МЭП 25000,ст 45,110,"0,056",,0,
,направляющая МЭП 18000,ст 45,140,"0,07",,0,
,направляющий профиль МЭП 18000,ст 45,212,"0,1",,0,
,направляющая МЭП 40000,ст 45,300,"0,14",,0,
,,,,,,0,
112,"труба ф 32х(42,5) ст 20",,,,,0,
,стойки на БЭЗ-ОП-1-С,ст 20,152,"0,452",,0,
,,,,,,0,
113,S=12 ст 45,,,,,0,
,,,,,,0,
114,труба ф 121х14 ст 20,,,,,0,
,статор ДСР корпус ДСР118,ст 20,56,"2,06",,0,
,статор ДСР118,ст 20,65,"2,66",,0,
,статор ДСР118,ст 20,68,"2,97",,0,
,труба на фланец МЭОФ 1600,ст 20,125,"4,6",,0,
,труба на 4000,ст 20,130,"4,5",,0,
,туба 4000,ст20,150,"5,6",,0,
,труба,ст 20,180,"6,6",,0,
,,,,,,0,
115,лист G=12 ст 20,,,,,0,
,плита переходная МЭО 4000,ст 20,160х210,"3,3",,0,
,,,,,,0,
116,лист G=1      оцинковка,,,,,0,
,шайба сегментная новый датчик,ст 08ПС,20х20,"0,003",1600,"4,8",
,стрелка на шкалу,ст 08ПС,15х35,"0,004",,0,
,шайба сегментная ,ст 08ПС,25х25,"0,0049",,0,
,шайба прижима на корпус взрыв,ст 08ПС,35х35,"0,01",,0,
,"основание шкалы МЭО 6,3",ст 08ПС,45х45,"0,016",,0,
,пластина на фц,ст 08ПС,15х35,"0,04",,0, 
,кольцо регулир МЭО 250,ст 08ПС,80х80,"0,05",,0,
,основ. шкалы,ст 08ПС,85х85,"0,057",,0,
,кронштейн блок кондексат,ст 08ПС,59х235,"0,092",200,"18,4",
,строителям на стройку,      ст 08П, 1250х500,,,0,
,,,,,,0,
117,лист G=1     Л 63      латунь,,,,,0,
,шайба контактная БСП-11ВТ6,Л 63,16х30,"0,0038",,0,
,шайба на пямоходник,Л 63,30х30,"0,007",,0,
,,,,,,0,
118,труба ф 40х9,,,,,0,
,кольцо центрирующее 16/40,ст 20,10,"0,08",,0,
,втулка 3 вала 4000,ст 20,14,"0,1",,0,
,шайба на МЭОФ32,ст 20,14,"0,1",,0,
,втулка на подшипник ДСР 118,ст 20,20,"0,146",,0,
,арматура на МЭП,ст 20,20,"0,146",,0,
,арматура ДСР118,ст 20,23,"0,16",,0,
,арматура МЭМ 100,ст 20,25,"0,17",,0,
,арматура закладная,ст 20,30,"0,22",,0,
,арматура корпус тормаза ПЭМ А,ст 20,46,"0,34",,0,
,штуцер на фис ДУ 25,ст 20,108,"0,8",,0,
,труба на фис ДУ 25,ст 20,170,"1,25",,0,
,на станок запчасть,ст 20,1500,"11,1",,0,
,,,,,,0,
119,труба ф 146х14,,,,,0,
,корпус статора ДСР-135 новый,ст 20,54,"2,5",,0,
,на испытательный стенд,ст 20,60,"2,8",,0,
,корпус статора ДСР 142,ст 20,66,3,,0,
,корпус статора ДСР 142,ст 20,85,"4,85",50,"242,5",
,корпус статора ДСР-135,ст 20,105,"4,7",,0,
,корпус КШ 80,ст 20,108,"4,9",,0,
,корпус статора ДСР 142,ст 20,126,"5,72",,0,
,стойка МЭОФ 4000,ст 20,144,"6,5",,0,
,,,,,,0,
120,S=30,латунь,,,,0,
,в термичку гайка,лутунь,35,"0,2",,0,
,,,,,,0,
121,труба ф 54х10,,,,,0,
,шайба МЭП 25000,ст 20,10,"0,11",,0,
,арматура МЭП,ст 20,16,"0,18",,0,
,втулка 2 МЭП,ст 20,19,"0,2",,0,
,втулка короткая МЭМ 100,ст 20,19,"0,21",,0,
,арматура на МЭП,ст 20,20,"0,21",,0,
,втулка на корпус тор МЭП,ст 20,20,"0,24",,0,
,втулка подщипник ДСР 142,ст 20,23,"0,29",,0,
,Арматура МЭП,ст 20,25,"0,27",,0,
,арматура на МЭМ 100,ст 20,25,"0,27",,0,
,дистанционная втулка МЭМ,ст 20,26,"0,28",,0,
,втулка длиная МЭМ 100,ст 20,32,"0,35",,0,
,штуцер на фисанник ДУ-40,ст 20,120,"1,26",,0,
,штуцер на фисанник ДУ-40,        ст 20,122,"1,32",,0,
,ДУ-40,ст 20,130,"1,37",,0,
,ДУ-40,ст 20,245,"2,58",,0,
,,,,,,0,
,труба ф 54х12,,,,,0,
,,,,,,0,
,втулка короткая МЭМ 100,ст 20,19,"0,24",,0,
,арматура на МЭП,ст 20,20,"0,26",,0,
,втулка на корпус тор МЭП,ст 20,20,"0,26",,0,
,арматура на МЭМ 100/ ДСР 142,ст 20,25,"0,32",,0,
,на фисоник,ст 20,750,10,,0,
,,,,,,0,
,,,,,,0,
,,,,,,0,
122,S=14 ст 45,,,,,0,
,"втулка на рычаг 16/40 ; 6,3",ст 45,27,"0,036",,0,
,болты на зуборезный станок,ст 45,50,"0,07",,0,
,болт на литформу,ст 45,110,"0,15",,0,
,болт на пресс,ст 45,180,"0,24",,0,
,,,,,,0,
123,труба ф 26х7   ЛС 59   латунь ,,,,,0,
,шайба упорная на реостатный датчик,латунь,9,"0,033",,0,
,втулка МЭП 6300 и МЭП 25000,латунь,20,"0,1",,0,
,,,,,,0,
124,лист G=25 ст 3,,,,,0,
,плита переходная МЭО 630 в кор 250,ст 3,240х280,"13,2",,0,
,рычаг МЭО 4000,ст 3,245х625,31,,0,
,,,,,,0,
125,квадрат 2х2 ст 45,,,,,0,
,"шпонка МЭО 6,3",ст 45,14,"0,00044",,0,
,"шпонка МЭО 6,3",ст 45,7,"0,00022",,0,
,,,,,,0,
126,квадрат 3х3 ст 45,,,,,0,
,шпонка на штурвал МЭО 16/40,ст 45,17,"0,0012",,0,
,,,,,,0,
127,труба ф 28х7 ст 20,,,,,0,
,упор на ручной привод 250,ст 20,10,"0,036",,0,
,шайба ПЭМ А,ст 20,12,"0,047",,0,
,кольцо МЭП 6300,ст 20,15,"0,054",,0,
,кольцо МЭМ 100,ст 20,15,"0,054",,0,
,труба на рычаг 16/40,ст 20,26,"0,093",,0,
,"труба на рычаг 6,3",ст 20,26,"0,093",,0,
,труба МЭМ 100,ст 20,30,"0,11",,0,
,арматура рычаг 16/40,ст 20,30,"0,11",,0,
,втулка МЭП и ПЭМБ,ст 20,30,"0,11",,0,
,втулка планетарки 4000,ст 20,55,"0,2",,0,
,втулки РП 4000,ст 20,210,"0,77",,0,
,,,,,,0,
128,круг ф 16 ст 10895,,,,,0,
,втулка на индуктивн датчик,10895,70,"0,063",,0,
,,,,,,0,
129,круг ф 70 ст 20х13,,,,,0,
,диск на фиссаник ДУ 25,20х13,20,"0,6",,0,
,контрогайка фис ДУ65,20х13,20,"0,6",,0,
,к/гайка на фисонник ДУ 80,20х13,20,"0,6",,0,
,втулка на фисанник ДУ 50,20х13,38,"1,155",,0,
,фланец КШ 15;20,20х13,60,"1,8",,0,
,ковш в литейку,20х13,90,"2,7",,0,
,шпонка МЭП 6300,20х13,147,"4,4",,0,
,сопло фиссан ДУ65,20х13,185,"5,6",,0,
,конфузор фиссан ДУ 65,20х13,242,"7,6",,0,
,,,,,,0,
130,"труба ф 25х2,5",,,,,0,
,втулка короткая на датчик,ст 20,11,"0,02",,0,
,втулка I вал ПЭМ А,ст 20,13,"0,03",,0,
,втулка на вал планетарки мэо 4000,ст 20,55,"0,09",,0,
,,,,,,0,
131,круг ф 360 ст 40х,,,,,0,
,упор мэо 4000,ст 40х,70,"59,9",,0,
,,,,,,0,
132,круг ф 200 ст 40х13,,,,,0,
,диск на литформу,ст 40х13,33,"8,1",,0,
,диск на затвор ДУ 50,ст 40х13,45,"11,1",,0,
,,,,,,0,
133,"труба ф 23х3,5",,,,,0,
,шайба МЭП 25000 ручного привода,ст 20,7,"0,012",,0,
,"втулка на тормоз 630, 1600",ст 20,12,"0,02",,0,
,втулка МЭП 6300,ст 20,14,"0,024",,0,
,втулка регул IV вал 1600,ст 20,18,"0,03",,0,
,втулка на V вал 4000,ст 20,20,"0,034",,0,
,втулка ПЭМ-А,ст 20,25,"0,043",,0,
,"втулка тормаза вал III ПЭМ, МЭП",ст 20,38,"0,12",,0,
,втулка на ручной привод 1600,ст 20,46,"0,077",,0,
,втулка на ручной привоз 4000,ст 20,55,"0,09",,0,
,втулка на шлаку датчика,ст 20,100,"0,03",,0,
,,,,,,0,
134,круг ф 18     латунь,,,,,0,
,втулка на оболочку новая нижн.основан.взрыв.,латунь,11,"0,022",,0,
,втулка установочная на датчик взрыв,латунь,15,"0,03",,0,
,втулка на вал индуктивного датчика,латунь,15,"0,03",,0,
,"втулка на вал индуктивного датчика МЭО 6,3",латунь,15,"0,03",,0,
,втулка на корпус МЭМ 100,латунь,40,"0,08",,0,
,,,,,,0,
135,труба ф 102х8 ст 20,,,,,0,
,труба на КМЧ,ст 20,130,"1,5",,0,
,труба 1600,ст 20,250,"2,7",,0,
,,,,,,0,
136,труба ф 83х8 ст 20,,,,,0,
,труба на КШ ДУ 40 зак №431,ст 20,80,"1,2",,0,
,кожух МЭП 25000,ст 20,204,"2,5",,0,
,кожух МЭП 25000,ст 20,285,"3,8",,0,
136,,,,,,0,
,,,,,,0,
,труба ф 83х16 ст 20,ст 45,,,,0,
,червяк ПЭМБ,ст 45,32,"0,5",,0,
,,,,,,0,
,,,,,,0,
137,круг ф 20      латунь,,,,,0,
,шайба на датчик,латунь,7,"0,017",,0,
,втулка нижнего основания взрыв,латунь,9,"0,0222",,0,
,втулка на датчик МЭОФ 40-250,латунь,17,"0,042",,0,
,втулка на датчик взрывозащ,латунь,22,"0,054",,0,
,втулка на датчик МЭОФ 16-40,латунь,25,"0,037",,0,
,втулка на затвор,латунь,27,"0,067",,0,
,,,,,,0,
138,круг ф 48 40х13,,,,,0,
,к\гайка на фиссаник ДУ 50,40х13,18,"0,26",,0,
,конфузор ДУ 40 на фиссоник,40х13,160,"2,3",,0,
,сопло ДУ 50 на фиссоник,40х13,160,"2,3",,0,
,конфузор на фиссаник ДУ50,40х13,215,"3,1",,0,
,,,,,,0,
139,круг ф 3 ст 20 колибровка,,,,,0,
,ось на коромысло ток.датчика,ст 20,79,"0,004",,0,
,"штифт на МЭО 6,3",ст 20,25,"0,014",,0,
,,,,,,0,
140,лист G=20х100      медь ,,,,,0,
,электрод на сопло фиссаник ДУ 40,медь,20х25х100,"0,39",,0,
,втулка на контактную сварку,медь,20х25х100,"0,39",,0,
,электрод на литформу,медь,20х100х100,"1,57",,0,
,,,,,,0,
141,S=13,,,,,0,
,гайка на вал датчика,ст 45,13,"0,017",,0,
,болт на лит.форму,ст 45,130,"0,15",,0,
,болт на ст СНТ 3,ст 45,110,"0,13",,0,
,,,,,,0,
142,труба ф 16х3,,,,,0,
,шайба на датчик МЭОФ 40-250,ст 10,9,"0,008",,0,
,втулка на планетарку 630; 1600,ст 10,12,"0,011",,0,
,втулка установочная на датчик 630,ст 10,12,"0,011",,0,
,втулка установочная на датчик взрыв,ст 10,12,"0,011",,0,
,втулка на вал тормоза 630,ст 10,13,"0,012",,0,
,втулка на вал 630/1600,ст 10,13,"0,012",,0,
,втулка верхняя на датчик новый,ст 10,14,"0,012",,0,
,втулка на МЭП 6300,ст 10,15,"0,0132",,0,
,втулка нижняя на датчик новый,ст 10,20,"0,018",,0,
,втулка на тормоз 4000,ст 10,20,"0,018",,0,
,втулка нижняя на датчик новый,ст 10,23,"0,02",,0,
,втулка на ПЭМ Б на пружину,ст 10,30,"0,027",,0,
,,,,,,0,
143,квадрат 10х10,,,,,0,
,шпонка III вала 1600,ст 3,22,"0,018",,0,
,шпонка I Iвала 630,ст 3,50,"0,035",,0,
,,,,,,0,
144,круг ф 8   Л 63     латунь  ,,,,,0,
,валик на сердечник,Л 63 ,38,"0,015",,0,
,стойка,Л 63 ,76,"0,03",,0,
,,,,,,0,
145,круг ф 30 ст 3,,,,,0,
,тяга м30 МЭО 4000,ст 3,213,"1,1",,0,
,тяга м30 МЭО 1600,ст 3,213,"1,1",,0,
,,,,,,0,
146,"лист G=1,5 ст 65Г",,,,,0,
,шарожка для наждаков,ст 65 Г,47х47,"0,026",,0,
,стопорное кольцо на корпус взрывоз,ст 65 Г,52х52,"0,036",,0,
,стопорное кольцо МЭМ 100,ст 65 Г,55х55,"0,036",,0,
,диск на ПЭМБ,ст 65 Г,58х58,"0,04",,0,
,пружина КШ 80,ст 65 Г,165х165,"0,32",,0,
,,,,,,0,
147,круг ф 5     Л 63      латунь,,,,,0,
,палец на приспособление взрыв,латунь,45,"0,007",,0,
,толкатель на индуктивный датчик                                                              ,,23,"0,0035",,0,
,,,,,,0,
148,круг ф 24        латунь,,,,,0,
,наконечник индуктивного датчика,латунь,25,"0,0061",,0,
,,,,,,0,
149,S=6      латунь,,,,,0,
,упор на датчик взрывоз,латунь,22,"0,0054",,0,
,толкатель на датчик БСПТ- ПБ4 ,латунь,22,"0,0054",,0,
,наконечник индуктивного датчика,латунь,25,"0,0061",,0,
,,,,,,0,
150,квадрат 6х6 ст 45,,,,,0,
,шпонка МЭО 16/40,ст 45,32,"0,009",,0,
,шпонка МЭП,ст 45,40,"0,015",550,"8,25",
,шпонка МЭО 250,ст 45,26,"0,007",,0,
,направляющая МЭП 6300,ст 45,120,"0,034",,0,
,,,,,,0,
151,лист G=3 ст45,,,,,0,
,шестерня на датчик,ст45,45х45,"0,048",,0,
,шестерня на датчик,ст45,46х46,"0,05",,0,
,кольцо ДСР-110,ст46,20х110,"0,05",,0,
,"шестерня МСП 1,4",ст45,50х50,"0,059",,0,
,шестерня на датчик,ст45,50х50,"0,06",,0,
,шестерня МЭП 6300,ст45,75х75,"0,13",,0,
,кольцо МЭМ 100,ст45,100х100,"0,24",,0,
,кольцо на МЭМ 100,ст45,120х120,"0,34",,0,
,,,,,,0,
152,труба ф 60х10,,,,,0,
,кольцо  центрирующее,ст 20,20,"0,24",,0,
,кольцо западное МЭП 25000,ст 20,20,"0,24",,0,
,втулка 1 МЭП ,ст 20,24,"0,3",,0,
,втулка МЭП 6300,ст 20,60,"0,85",,0,
,кожух МЭП 6300,ст 20,82,1,,0,
,корпус 6300,ст 20,82,1,,0,
,кожух МЭП 6301,ст 20,138,"1,71",,0,
,корпус МЭМ 40,ст 20,150,"1,9",,0,
,кожух МЭП 6302,ст 20,188,"2,32",,0,
,МЭП 500,ст 20,620,"7,5",,0,
,,,,,,0,
153,лист G=2      алюминий,,,,,0,
,ромбик на датчик,алюминий,27х27,"0,0028",,0,
,,,,,,0,
154,круг ф 27        латунь,,,,,0,
,наконечник на люнет,латунь,35,"0,16",,0,
,втулка на корпус датчика старый,латунь,36,"0,16",,0,
,втулка на прямоходник,латунь,48,"0,22",,0,
,прижим на приспособление,латунь,52,"0,23",,0,
,,,,,,0,
155,"лист G=1,5      латунь",,,,,0,
,шайба контактная на корпус взрывозащитный,латунь,16х30,"0,0056",,0,
,направляющая на электромагнитный тормоз,латунь,62х38,"0,028",,0,
,,,,,,0,
156,"труба ф 63,5х5",,,,,0,
,стойка на БЭЗ,ст 20,84,"0,64",,0,
,опора на БЭЗ,ст 20,103,"0,79",,0,
,колпак ПЭМВ,ст 20,210,"1,61",,0,
,держатель стрелы шлагбаума,ст 20,300,"2,4",,0,
,,,,,,,
,"труба ф 63,5х10",,,,,0,
,"Вал ПЭМ Б II 0,3,8",ст 40х,160,"2,25",,0,
,"Вал ПЭМ Б II 1,2,4,5",ст 40х,290,"4,05",,0,
,"Вал ПЭМ Б II 7,6",ст 40х,330,"4,65",,0,
,,,,,,,
,,,,,,,
,,,,,,0,
157,"лист G=0,7",,,,,0,
,коромысло взрыв на датчик,ст 08ПС,14х57,"0,0045",,0,
,,,,,,0,
158,круг ф 280,,,,,0,
,упор 1600,ст 40,46,"22,2",,0,
,,,,,,0,
,,,,,,0,
159,труба ф 76х16 ст 20,,,,,0,
,кольцо центрирующее МЭО 250,ст 20,9,"0,22",,0,
,кольцо но тормозе 630,ст 20,10,"0,024",,0,
,кольцо центрирующее  250,ст 20,14,"0,34",,0,
,шайба прижимная МЭП 6300,ст 20,16,"0,24",,0,
,гайка на БЭЗ,ст 20,28,"0,68",,0,
,на испытательный стенд,ст 20,60,"0,15",,0,
,направляющая МЭП 6300,ст 20,65,"1,6",,0,
,,,,,,0,
160,лист G=4 ст 45,,,,,0,
,колесо МЭП БО,ст 45,40х40,"0,05",,0,
,"шестерня на МЭО 6,3",ст 45,45х42,"0,06",,0,
,шестерня ПЭМВ,ст 45,50х50,"0,08",,0,
,шестерня на датчик МЭМ 25000,ст 45,55х50,"0,086",,0,
,шестерня на МСП,ст 45,63х58,"0,115",,0,
,плита на шлагбаум,ст 45,140х295,"1,3",,0,
,,,,,,0,
161,круг ф 70       бронза,,,,,0,
,гайка мэп 18000,бронза,45,"1,6",,0,
,,,,,,0,
162,круг ф 26 ст 40х,,,,,0,
,эксцентрика МЭМ 100,ст 40х,18,"0,07",,0,
,муфта МСП,ст 40х,26,"0,11",,0,
,втулка эксцентрика МЭМ 100,ст 40х,26,"0,108",,0,
,шестерня МЭП 6300,ст 40х,30,"0,125",,0,
,стойка мэм 100,ст 40х,33,"0,14",,0,
,вал червячный 16\40,ст 40х,160,"0,67",,0,
,стойка МЭП 18000,ст 40х,375,"1,6",,0,
,винт ст 16к20,ст 40х,560,"2,3",,0,
,,,,,,0,
,,,,,,0,
164,круг ф 380 ст 40х,,,,,0,
,упор 4000,ст 40х,78,"69,4",,0,
,,,,,,0,
165,квадрат 12х12,,,,,0,
,шпонка на рычаг 630,ст 20,70,"0,08",,0,
,,,,,,0,
166,круг ф 60     броф,,,,,0,
,шестерня на шлиф станок,броф,23,"0,51",,0,
,колесо червячное МЭОФ 1000,броф,30,"0,7",,0,
,гайка МЭП 25000,броф,48,"1,1",,0,
,гайка на шток 1800,броф,50,"1,12",,0,
,,,,,,0,
167,труба ф 133х30,,,,,0,
,фланец МЭП 25000,ст 10,15,"1,1",,0,
,фланец МЭП 25000,ст 10,24,"2,1",,0,
,фланец ПЭМБ,ст 10,46,"3,6",,0,
,стороний заказ,ст 10,90,"5,9",,0,
,корпус МЭП 25000,ст 10,100,"7,2",,0,
,,,,,,0,
168,труба ф 76х17,,,,,0,
,шток МЭП 25000,ст 45,157,"3,9",,0,
,шток МЭП 25000,ст 45,207,15,,0,
,шток МЭП 18000,ст 45,277,7,,0,
,,,,,,0,
,труба ф 50х10,ст 40 ,,,,0,
,шайба МЭП 25000,ст 40,13,"0,15",,0,
,арматура,ст 40,17,"0,18",,0,
,втулка ПЭМ- А,ст 40,18,"0,2",,0,
,полукольцо МЭП 25000,ст 40,19,"0,21",,0,
,втулка ПЭМ- А,ст 40,30,"0,3",,0,
,арматура корпус тормаза ПЭМ А,ст 40,44,"0,46",,0,
,втулка союз  01,ст 40,50,"0,52",,0,
,шток МЭП 6300,ст 40 ,154,"1,58",,0,
,вал-муфта ПЭМ-А,ст 40,162,"1,7",,0,
,Шток МЭП 6300,ст 40 ,204,"2,1",,0,
,вал-муфта ПЭМ-А,ст 40 ,220,"2,25",,0,
,,,,,,0,
,"труба ф 50х2,5",ст 20 ,,,,0,
,втулка ПЭМ- А,ст 20,30,"0,1",,0,
,втулка ПЭМ- А,ст 20,18,"0,06",,0,
,,,,,,0,
,,,,,,0,
,,,,,,0,
170,круг ф 50,,,,,0,
,шайба на упор 4000,ст 3,25,"0,65",,0,
,,,,,,0,
171,труба ф 95х10,,,,,0,
,кмч,ст 11,130,"2,75",,0,
,корпус ПЭМБ 0 новый,ст 10,205,"4,3",,0,
,вал выходной ПЭМВ,ст 10,228,"4,6",46,"211,6",
,корпус ПЭМБ 6 новый,ст 10,283,"5,92",,0,
,корпус ПЭМ БО,ст 10,315,"6,6",,0,
,корпус ПЭБ Б 6,ст 10,350,"7,3",,0,
,корпус ПЭМБ 8 новый,ст 10,388,"8,2",,0,
,,,,,,,
,труба ф 95х16,,,,,0,
,вал ПЭМ В,ст 30ХГСА,228,"7,2",,0,
,,,,,,,
,,,,,,0,
172,круг ф 65,,,,,0,
,втулка на упор 4000,ст 3,25,"0,65",,0,
,,,,,,0,
,,,,,,0,
174,труба ф 115х65,,,,,0,
,колесо червячное МЭМ 100,ст 40х,50,"2,7",,0,
,труба на заказ 397,ст 40х,134,"10,2",,0,
,,,,,,0,
175,труба ф 152х25,ст 20,246,20,,0,
,кольцо I вала 4000,ст 20,9,"0,8",,0,
,корпус ПЭМВ,ст 20,169,"13,5",25,"337,5",
,корпус выходного вала ПЭМВ,ст 20,170,"13,5",,0,
,корпус выходного вала ПЭМВ,ст 20,388,"30,4",,0,
,,,,,,0,
176,круг ф 10       латунь,,,,,0,
,втулка на двойной блок,л 63,28,"0,017",,0,
,втулка на датчик МЭМ 100,л 63,20,"0,013",,0,
,,,,,,0,
177,лист G=2 ст 65г,,,,,0,
,кольцо стопорное МЭП 18000,ст 65г,100х100,"0,16",,0,
,кольцо стопорное ПЭМВ,ст 65г,130х130,"0,17",,0,
,кольцо стопорное ПЭМВ,ст 65г,150х150,"0,23",,0,
,вилка,ст 65г,60х190,"0,21",,0,
,кольцо стопорное МЭП 18000,ст 65г,65х65,"0,066",,0,
,стопорное кольцо МЭП,ст 65г,72х72,"0,08",520,"41,6",
,кольцо стопорное ПЭМВ,ст 65г,90х90,"0,13",,0,
,,,,,,0,
178,круг ф 90,,,,,0,
,шайба прижима МЭМ 25000,ст 60,15,"0,7",,0,
,шестерня МЭМ 25000,ст 60,25,"1,2",50,60,
,,,,,,0,
179,труба ф 127х30,,,,,0,
,корпус МЭП 25000,ст 20,100,"7,2",,0,
,,,,,,0,
180,труба ф 159х36,,,,,0,
,кольцо на МЭОФ 4000,ст 20,9,1,,0,
,корпус ПЭМВ,ст 20,23,"2,8",,0,
,фланец МЭП 25000 / ПЭМ Б,ст 20,28,"3,1",,0,
,корпус ПЭМВ,ст 20,146,"16,6",,0,
,втулкаа на испытание 20000,ст 20,230,"25,6",,0,
,,,,,,0,
181,круг ф 275,,,,,0,
,упор МЭО 1600,ст 40х,53,"23,8",,0,
,,,,,,0,
182,круг ф 300,,,,,0,
,фланец МЭОФ 4000,ст 20,37,"14,3",,0,
,,,,,,0,
181,труба ф 68х14,,,,,0,
,кольцо центрирующее 250,ст 40,14,"0,26",,0,
,червя узкий ПЭМ А,ст 40,25,"0,58",,0,
,втулка МЭП25000,ст 40,27,"0,55",,0,
,шток МЭП 25000,ст 40,154,3,,0,
,шток МЭП 25000,ст 40,190,"3,5",,0,
,колпак ПЭМ-В,ст 40,195,"3,6",,0,
,шток МЭП 25000,ст 40,235,"4,5",,0,
,вал ПЭМ- Б 0,ст 40,278,"5,45",,0,
,вал ПЭМ Б 0 новый,ст 40,278,"5,45",,0,
,вал ПЭМ,ст 40,289,"5,64",,0,
,шток МЭП 25000,ст 40,295,"5,9",,0,
,вал ПЭМ- Б 6,ст 40,356,"6,95",,0,
,вал ПЭМ- Б 8,ст 40,461,9,,0,
,,,,,,0,
182,S=5,,,,,0,
,"ключ МЭО 6,3",ст 10,150,"0,026",,0,
,,,,,,0,
183,круг ф 230,,,,,0,
,кольцо на стенд,ст 40х,30,"9,8",,0,
,фланец,ст 40х,52,"16,6",,0,
,шкиф на фрез. Станок,ст 40х,115,"36,3",,0,
,стороний заказ,ст 40х,140,"45,7",,0,
,,,,,,0,
184,круг ф 145,,,,,0,
,фланец ,ст 40х,35,"4,5",,0,
,венец 630 в кор.250,ст 40х,40,"5,2",,0,
,колесо МЭП 25000,ст 40х,50,"6,5",,0,
,,,,,,0,
185,труба ф 60х4,,,,,0,
,кожух МЭП 6300,ст 20,140,"1,7",,0,
,колпак ПЭМ В,ст 20,195,"2,4",,0,
,стойки на шлагбаум,ст 20,850,"6,8",,0,
,,,,,,0,
,круг ф 280,ст 40х,,,,0,
,Упор 1600,ст 40х,47,27,,0,
,,,,,,0,
,круг ф 150,ст 40Х,,,,0,
,фланец 250,ст 40Х,35,5,,0,
,на лит.форму,ст 40Х,40,"5,6",,0,
,2-ой блок 4000,ст 40Х,45,"6,5",,0,
,на лит.форму,ст 40Х,50,"6,8",,0,
,шестерня ПЭМ-В,ст 40Х,58,"8,3",,0,
,на станок 16к20 (Сорокин),ст 40Х,120,"16,8",,0,
,корпус МЭМ 40,ст 40Х,175,25,,0,
,,,,,,0,
,лист G=2 ст AISI 430 2В (нержавейка),,,,,0,
,основание нижнее на датчик взрыв,нержавейка,98х98,"0,151",,0,
,основание датчика взрыв нов,нержавейка,30х94,"0,044",,0,
,строителям,нержавейка,,,,0,
,,нержавейка,,,,0,
,,нержавейка,,,,0,
,,нержавейка,,,,0,
,,,,,,0,
,труба ф 83х7 ст 20,,,,,0,
,кмч,ст 20,80,"1,1",,0,
,стороний заказ,ст 21,82,"1,2",,0,
,кмч,ст 20,130,"1,9",,0,
,,,,,,0,
,труба ф 146х12,,,,,0,
,на испытательный стенд,ст 20,60,"2,7",,0,
,корпус статора ДСР 135,ст 20,70,"3,2",,0,
,корпус статора ДСР 142,ст 20,85,"4,85",35,"169,75",
,кмч,ст 20,90,"4,1",,0,
,корпус статора ДСР 142,ст 20,110,"4,95",,0,
,,,,,,0,
,,,,,,0,
,труба ф 121х12 ст 20,,,,,0,
,статор ДСР корпус ДСР110,ст 20,46,"1,7",,0,
,статор ДСР корпус ДСР110,ст 20,53,"2,35",55,"129,25",
,статор ДСР корпус ДСР135,ст 20,75,"2,8",,0,
,,,,,,0,
,труба ф 133х10,,,,,0,
,кмч,ст 10,15,"0,43",,0,
,кмч,ст 10,100,"2,9",,0,
,кмч,ст 10,183,"5,3",,0,
,круг ф 340,ст 40Х,,,,0,
,фланец ,ст 40Х,50,"35,75",,0,
,плита на кокель,ст 40Х,40,"28,7",,0,
,фланец ,ст 40Х,,,,0,
,,,,,,0,
,труба ф 114х18 ст 40Х,,,,,0,
,планетарка ПЭМ-А,ст 40Х,56,"2,5",,0,
,"лист G=0,7 ст 65г",,,,,0,
,корамысла датчика,ст 65г,11х55,"0,0037",,0,
,"прижм ключа 6,3",ст 65г,23х35,"0,0055",,0,
,,,,,,0,
,труба ф 24х4,,,,,0,
,арматура крышка двигателя ДСР70,ст 20,10,"0,02",,0,
,строителям,ст 20,3000,6,,0,
,втулка I вал ПЭМ А,ст 20,38,"0,08",,0,
,,,,,,0,
,труба ф 57х6,,,,,0,
,штуцер на фиссаник ДУ 50,ст 20,135,"1,1",,0,
,труба на фиссаник ДУ 50,ст 20,150,"1,3",,0,
,труба на фиссаник ДУ 50,ст 20,254,"2,2",,0,
,,,,,,0,
,труба ф 25х5,,,,,0,
,кольцо ДСР 70,ст 20,12,"0,045",,0,
,втулка на ручной привоз 4000,ст 20,50,"0,18",,0,
,втулка на V вал 4000,ст 20,60,"0,22",,0,
,"втулка на тормоз 630, 1600",ст 20,,,,0,
,,,,,,0,
,труба ф 83х16 ст 45,,,,,0,
,червяк ПЭМ Б II,ст 45,24,"1,2",,0,